ID,Project,Department name,Department code,Close date,Subject,FTE,Units,Rate,Cost,Account
1,\N,rubin,093205,05-30-2008,Annotation Database,0.23,9.20,75,690.00,51611
2,\N,simpson,093210,05-30-2008,Annotation Database,0.23,9.20,75,690.00,51611
3,\N,truman,093212,05-30-2008,Annotation Database,0.23,9.20,75,690.00,51611
4,\N,rubin,093205,04-25-2008,Annotation Database,0.40,16.00,75,1200.00,51611
5,\N,simpson,093210,04-25-2008,Annotation Database,0.40,16.00,75,1200.00,51611
6,,truman,093212,04-25-2008,Annotation Database,0.40,16.00,75,1200.00,51611
7,\N,rubin,093205,03-28-2008,Annotation Database,0.92,36.80,75,2760.00,51611
8,\N,simpson,093210,03-28-2008,Annotation Database,0.92,36.80,75,2760.00,51611
9,\N,truman,093212,03-28-2008,Annotation Database,0.92,36.80,75,2760.00,51611
10,\N,rubin,093205,02-22-2008,Annotation Database,1.22,48.80,75,3660.00,51611
11,\N,simpson,093210,02-22-2008,Annotation Database,1.22,48.80,75,3660.00,51611
12,\N,truman,093212,02-22-2008,Annotation Database,1.22,48.80,75,3660.00,51611
13,\N,rubin,093205,01-25-2008,Annotation Database,1.05,42.00,65,2730.00,51611
14,\N,simpson,093210,01-25-2008,Annotation Database,1.05,42.00,65,2730.00,51611
15,\N,truman,093212,01-25-2008,Annotation Database,1.05,42.00,65,2730.00,51611
16,\N,rubin,093205,12-21-2007,Annotation Database,1.10,44.00,65,2860.00,51611
17,\N,simpson,093210,12-21-2007,Annotation Database,1.10,44.00,65,2860.00,51611
18,\N,truman,093212,12-21-2007,Annotation Database,1.10,44.00,65,2860.00,51611
19,\N,rubin,093205,11-30-2007,Annotation Database,0.12,4.80,65,312.00,51611
20,\N,simpson,093210,11-30-2007,Annotation Database,0.12,4.80,65,312.00,51611
21,\N,truman,093212,11-30-2007,Annotation Database,0.12,4.80,65,312.00,51611
22,\N,rubin,093205,03-28-2008,Apollo,0.05,2.00,75,150.00,51611
23,\N,simpson,093210,03-30-2007,Arnim's Neuroanatomy site,0.20,8.00,65,520.00,51611
24,\N,betzig,093202,05-30-2008,Betzig Lab Projects,0.10,4.00,75,300.00,51611
25,\N,molbio,093092,11-30-2006,BioInfo Apps,0.20,8.00,65,520.00,51611
26,\N,peng,093309,11-30-2007,Brainaligner,0.10,4.00,65,260.00,51611
27,\N,rubin,093205,05-30-2008,ChaCRM,0.07,2.80,75,210.00,51611
28,\N,simpson,093210,05-30-2008,ChaCRM,0.07,2.80,75,210.00,51611
29,\N,truman,093212,05-30-2008,ChaCRM,0.07,2.80,75,210.00,51611
30,\N,rubin,093205,04-25-2008,ChaCRM,0.12,4.80,75,360.00,51611
31,\N,simpson,093210,04-25-2008,ChaCRM,0.12,4.80,75,360.00,51611
32,\N,truman,093212,04-25-2008,ChaCRM,0.12,4.80,75,360.00,51611
33,\N,rubin,093205,03-28-2008,ChaCRM,0.12,4.80,75,360.00,51611
34,\N,simpson,093210,03-28-2008,ChaCRM,0.12,4.80,75,360.00,51611
35,\N,truman,093212,03-28-2008,ChaCRM,0.12,4.80,75,360.00,51611
36,\N,rubin,093205,02-22-2008,ChaCRM,0.17,6.80,75,510.00,51611
37,\N,simpson,093210,02-22-2008,ChaCRM,0.17,6.80,75,510.00,51611
38,\N,truman,093212,02-22-2008,ChaCRM,0.17,6.80,75,510.00,51611
39,\N,rubin,093205,01-25-2008,ChaCRM,0.50,20.00,65,1300.00,51611
40,\N,simpson,093210,01-25-2008,ChaCRM,0.50,20.00,65,1300.00,51611
41,\N,truman,093212,01-25-2008,ChaCRM,0.50,20.00,65,1300.00,51611
42,\N,rubin,093205,12-21-2007,ChaCRM,0.03,1.20,65,78.00,51611
43,\N,simpson,093210,12-21-2007,ChaCRM,0.03,1.20,65,78.00,51611
44,\N,truman,093212,12-21-2007,ChaCRM,0.03,1.20,65,78.00,51611
45,\N,rubin,093205,11-30-2007,ChaCRM,0.69,27.60,65,1794.00,51611
46,\N,simpson,093210,11-30-2007,ChaCRM,0.69,27.60,65,1794.00,51611
47,\N,truman,093212,11-30-2007,ChaCRM,0.69,27.60,65,1794.00,51611
48,\N,rubin,093205,10-26-2007,ChaCRM,0.30,12.00,65,780.00,51611
49,\N,rubin,093205,09-28-2007,ChaCRM,3.30,132.00,65,8580.00,51611
50,\N,rubin,093205,08-24-2007,ChaCRM,4.00,160.00,65,10400.00,51611
51,\N,rubin,093205,07-27-2007,ChaCRM,1.85,74.00,65,4810.00,51611
52,\N,rubin,093205,06-29-2007,ChaCRM,4.00,160.00,65,10400.00,51611
53,\N,rubin,093205,05-25-2007,ChaCRM,3.52,140.80,65,9152.00,51611
54,\N,rubin,093205,04-27-2007,ChaCRM,3.90,156.00,65,10140.00,51611
55,\N,rubin,093205,03-30-2007,ChaCRM,3.80,152.00,65,9880.00,51611
56,\N,rubin,093205,02-23-2007,ChaCRM,2.30,92.00,65,5980.00,51611
57,\N,rubin,093205,01-31-2007,ChaCRM,4.08,163.20,65,10608.00,51611
58,\N,rubin,093205,12-31-2006,ChaCRM,2.54,101.60,65,6604.00,51611
59,\N,rubin,093205,11-30-2006,ChaCRM,5.06,202.40,65,13156.00,51611
60,\N,chklovskii,093208,12-21-2007,Chklovskii 3D Visualization,2.55,102.00,65,6630.00,51611
61,\N,chklovskii,093208,11-30-2007,Chklovskii 3D Visualization,0.70,28.00,65,1820.00,51611
62,\N,chklovskii,093208,10-26-2007,Chklovskii 3D Visualization,0.05,2.00,65,130.00,51611
63,\N,chklovskii,093208,09-28-2007,Chklovskii 3D Visualization,1.00,40.00,65,2600.00,51611
64,\N,confsupphous,093061,04-27-2007,Conference Housing Map,0.10,4.00,65,260.00,51611
65,\N,confsupphous,093061,03-30-2007,Conference Housing Map,0.50,20.00,65,1300.00,51611
66,\N,confsupphous,093061,02-23-2007,Conference Housing Map,0.25,10.00,65,650.00,51611
67,\N,confsupphous,093061,01-31-2007,Conference Housing Map,0.65,26.00,65,1690.00,51611
68,\N,assctdirscitrain,093180,05-30-2008,Conf Mgmt,0.40,16.00,75,1200.00,51611
69,\N,assctdirscitrain,093180,04-25-2008,Conf Mgmt,1.45,58.00,75,4350.00,51611
70,\N,assctdirscitrain,093180,03-28-2008,Conf Mgmt,0.20,8.00,75,600.00,51611
71,\N,assctdirscitrain,093180,02-22-2008,Conf Mgmt,0.87,34.80,75,2610.00,51611
72,\N,assctdirscitrain,093180,01-25-2008,Conf Mgmt,2.25,90.00,65,5850.00,51611
73,\N,assctdirscitrain,093180,12-21-2007,Conf Mgmt,0.70,28.00,65,1820.00,51611
74,\N,assctdirscitrain,093180,11-30-2007,Conf Mgmt,2.10,84.00,65,5460.00,51611
75,\N,assctdirscitrain,093180,10-26-2007,Conf Mgmt,0.85,34.00,65,2210.00,51611
76,\N,assctdirscitrain,093180,09-28-2007,Conf Mgmt,2.05,82.00,65,5330.00,51611
77,\N,assctdirscitrain,093180,08-24-2007,Conf Mgmt,1.85,74.00,65,4810.00,51611
78,\N,assctdirscitrain,093180,07-27-2007,Conf Mgmt,3.62,144.80,65,9412.00,51611
79,\N,assctdirscitrain,093180,06-29-2007,Conf Mgmt,4.48,179.20,65,11648.00,51611
80,\N,assctdirscitrain,093180,05-25-2007,Conf Mgmt,3.08,123.20,65,8008.00,51611
81,\N,assctdirscitrain,093180,04-27-2007,Conf Mgmt,1.70,68.00,65,4420.00,51611
82,\N,assctdirscitrain,093180,03-30-2007,Conf Mgmt,0.74,29.60,65,1924.00,51611
83,\N,assctdirscitrain,093180,02-23-2007,Conf Mgmt,2.63,105.20,65,6838.00,51611
84,\N,assctdirscitrain,093180,01-31-2007,Conf Mgmt,0.74,29.60,65,1924.00,51611
85,\N,assctdirscitrain,093180,12-31-2006,Conf Mgmt,0.36,14.40,65,936.00,51611
86,\N,assctdirscitrain,093180,11-30-2006,Conf Mgmt,2.54,101.60,65,6604.00,51611
87,\N,assctdirscitrain,093180,04-25-2008,Conference/Wiki Integration,2.48,99.20,75,7440.00,51611
88,\N,assctdirscitrain,093180,03-28-2008,Conference/Wiki Integration,3.00,120.00,75,9000.00,51611
89,\N,assctdirscitrain,093180,02-22-2008,Conference/Wiki Integration,0.10,4.00,75,300.00,51611
90,\N,adminfinance,093021,05-30-2008,Consol. Reports,1.00,40.00,75,3000.00,51611
91,\N,adminfinance,093021,04-25-2008,Consol. Reports,0.75,30.00,75,2250.00,51611
92,\N,adminfinance,093021,03-28-2008,Consol. Reports,1.30,52.00,75,3900.00,51611
93,\N,adminfinance,093021,02-22-2008,Consol. Reports,1.30,52.00,75,3900.00,51611
94,\N,adminfinance,093021,01-25-2008,Consol. Reports,0.75,30.00,65,1950.00,51611
95,\N,adminfinance,093021,12-21-2007,Consol. Reports,0.30,12.00,65,780.00,51611
96,\N,adminfinance,093021,11-30-2007,Consol. Reports,0.40,16.00,65,1040.00,51611
97,\N,adminfinance,093021,10-26-2007,Consol. Reports,0.15,6.00,65,390.00,51611
98,\N,adminfinance,093021,09-28-2007,Consol. Reports,0.10,4.00,65,260.00,51611
99,\N,adminfinance,093021,07-27-2007,Consol. Reports,0.20,8.00,65,520.00,51611
100,\N,adminfinance,093021,06-29-2007,Consol. Reports,0.10,4.00,65,260.00,51611
101,\N,adminfinance,093021,04-27-2007,Consol. Reports,0.15,6.00,65,390.00,51611
102,\N,adminfinance,093021,03-30-2007,Consol. Reports,0.35,14.00,65,910.00,51611
103,\N,adminfinance,093021,02-23-2007,Consol. Reports,1.10,44.00,65,2860.00,51611
104,\N,adminfinance,093021,01-31-2007,Consol. Reports,1.10,44.00,65,2860.00,51611
105,\N,adminfinance,093021,12-31-2006,Consol. Reports,0.20,8.00,65,520.00,51611
106,\N,adminfinance,093021,11-30-2006,Consol. Reports,0.60,24.00,65,1560.00,51611
107,\N,myers,093201,12-31-2006,Data Server,0.05,2.00,65,130.00,51611
108,\N,dudman,093307,02-22-2008,Dudman RT Linux,0.50,20.00,75,1500.00,51611
109,\N,dudman,093307,01-25-2008,Dudman RT Linux,0.05,2.00,65,130.00,51611
110,\N,eddy,093203,03-28-2008,Eddy Lab Projects,0.40,16.00,75,1200.00,51611
111,\N,eddy,093203,01-31-2007,Eddy Website,0.11,4.40,65,286.00,51611
112,\N,eddy,093203,12-31-2006,Eddy Website,0.13,5.20,65,338.00,51611
113,\N,eddy,093203,11-30-2006,Eddy Website,0.17,6.80,65,442.00,51611
114,\N,ehs,093071,04-25-2008,EH&S Conference Web Site,0.40,16.00,75,1200.00,51611
115,\N,elmicro,093093,04-25-2008,EM Section Registration,0.05,2.00,75,150.00,51611
116,\N,svoboda,093204,05-30-2008,Ephus,0.55,22.00,75,1650.00,51611
117,\N,karpova,093211,05-30-2008,Ephus,0.55,22.00,75,1650.00,51611
118,\N,sternson,093206,05-30-2008,Ephus,0.55,22.00,75,1650.00,51611
119,\N,svoboda,093204,04-25-2008,Ephus,0.78,31.20,75,2340.00,51611
120,\N,karpova,093211,04-25-2008,Ephus,0.78,31.20,75,2340.00,51611
121,\N,sternson,093206,04-25-2008,Ephus,0.78,31.20,75,2340.00,51611
122,\N,svoboda,093204,03-28-2008,Ephus,1.38,55.20,75,4140.00,51611
123,\N,karpova,093211,03-28-2008,Ephus,1.38,55.20,75,4140.00,51611
124,\N,sternson,093206,03-28-2008,Ephus,1.38,55.20,75,4140.00,51611
125,\N,svoboda,093204,02-22-2008,Ephus,0.05,2.00,75,150.00,51611
126,\N,karpova,093211,02-22-2008,Ephus,0.05,2.00,75,150.00,51611
127,\N,sternson,093206,02-22-2008,Ephus,0.05,2.00,75,150.00,51611
128,\N,assctdirscitrain,093180,05-30-2008,External User Management,0.45,18.00,75,1350.00,51611
129,\N,hess,093297,04-25-2008,Hess Lab Projects,0.05,2.00,75,150.00,51611
130,\N,hess,093297,03-28-2008,Hess Lab Projects,0.05,2.00,75,150.00,51611
131,\N,eddy,093203,03-28-2008,HMMR 3,0.15,6.00,75,450.00,51611
132,\N,eddy,093203,02-22-2008,HMMR 3,0.10,4.00,75,300.00,51611
133,\N,rubin,093205,05-30-2008,Image Management,0.74,29.60,75,2220.00,51611
134,\N,simpson,093210,05-30-2008,Image Management,0.74,29.60,75,2220.00,51611
135,\N,truman,093212,05-30-2008,Image Management,0.74,29.60,75,2220.00,51611
136,\N,rubin,093205,04-25-2008,Image Management,0.60,24.00,75,1800.00,51611
137,\N,simpson,093210,04-25-2008,Image Management,0.60,24.00,75,1800.00,51611
138,\N,truman,093212,04-25-2008,Image Management,0.60,24.00,75,1800.00,51611
139,\N,truman,093212,03-28-2008,Image Mgmt,0.70,28.00,75,2100.00,51611
140,\N,adminfinance,093021,05-30-2008,Intranet/Wiki,2.40,96.00,75,7200.00,51611
141,\N,adminfinance,093021,04-25-2008,Intranet/Wiki,1.35,54.00,75,4050.00,51611
142,\N,adminfinance,093021,03-28-2008,Intranet/Wiki,2.55,102.00,75,7650.00,51611
143,\N,adminfinance,093021,02-22-2008,Intranet/Wiki,3.60,144.00,75,10800.00,51611
144,\N,adminfinance,093021,01-25-2008,Intranet/Wiki,2.85,114.00,65,7410.00,51611
145,\N,simpson,093210,05-30-2008,iPCR,0.55,22.00,75,1650.00,51611
146,\N,simpson,093210,04-25-2008,iPCR,0.55,22.00,75,1650.00,51611
147,\N,adminfinance,093021,05-30-2008,Jcard/LDAP Integration,0.90,36.00,75,2700.00,51611
148,\N,rubin,093205,05-30-2008,JTrack,0.20,8.00,75,600.00,51611
149,\N,rubin,093205,04-25-2008,JTrack,0.55,22.00,75,1650.00,51611
150,\N,rubin,093205,03-28-2008,JTrack,0.20,8.00,75,600.00,51611
151,\N,kerr,093304,04-25-2008,Kerr Lab Projects,0.05,2.00,75,150.00,51611
152,\N,kerr,093304,03-28-2008,Kerr Lab Projects,0.10,4.00,75,300.00,51611
153,\N,kerr,093304,02-22-2008,Kerr Lab Projects,0.15,6.00,75,450.00,51611
154,\N,jayaraman,093305,05-30-2008,Lab Website/Jayaraman,0.10,4.00,75,300.00,51611
155,\N,leonardo,093213,04-25-2008,Leonardo Lab Projects,0.05,2.00,75,150.00,51611
156,\N,adminfinance,093021,05-30-2008,Link Resolver,0.40,16.00,75,1200.00,51611
157,\N,adminfinance,093021,04-25-2008,Link Resolver,0.70,28.00,75,2100.00,51611
158,\N,coo,093010,03-28-2008,Logos/COO,0.13,5.20,75,390.00,51611
159,\N,looger,093209,03-28-2008,Looger Lab Projects,0.10,4.00,75,300.00,51611
160,\N,physicalplant,093035,12-31-2006,Maps facilities,0.38,15.20,65,988.00,51611
161,\N,physicalplant,093035,11-30-2006,Maps facilities,1.12,44.80,65,2912.00,51611
162,\N,reiser,093303,05-30-2008,Mtrax,1.05,42.00,75,3150.00,51611
163,\N,reiser,093303,04-25-2008,Mtrax,1.20,48.00,75,3600.00,51611
164,\N,reiser,093303,01-25-2008,Mtrax,0.10,4.00,65,260.00,51611
165,\N,reiser,093303,12-21-2007,Mtrax,0.15,6.00,65,390.00,51611
166,\N,reiser,093303,11-30-2007,Mtrax,0.10,4.00,65,260.00,51611
167,\N,jayaraman,093305,03-28-2008,Neuroptikon,0.05,2.00,75,150.00,51611
168,\N,svoboda,093204,04-25-2008,Nimex,0.02,0.80,75,60.00,51611
169,\N,sternson,093206,04-25-2008,Nimex,0.02,0.80,75,60.00,51611
170,\N,karpova,093211,04-25-2008,Nimex,0.02,0.80,75,60.00,51611
171,\N,svoboda,093204,03-28-2008,Nimex,0.07,2.80,75,210.00,51611
172,\N,sternson,093206,03-28-2008,Nimex,0.07,2.80,75,210.00,51611
173,\N,karpova,093211,03-28-2008,Nimex,0.07,2.80,75,210.00,51611
174,\N,svoboda,093204,02-22-2008,Nimex,0.08,3.20,75,240.00,51611
175,\N,sternson,093206,02-22-2008,Nimex,0.08,3.20,75,240.00,51611
176,\N,karpova,093211,02-22-2008,Nimex,0.08,3.20,75,240.00,51611
177,\N,svoboda,093204,01-25-2008,Nimex,0.83,33.20,65,2158.00,51611
178,\N,sternson,093206,01-25-2008,Nimex,0.83,33.20,65,2158.00,51611
179,\N,karpova,093211,01-25-2008,Nimex,0.83,33.20,65,2158.00,51611
180,\N,svoboda,093204,12-21-2007,Nimex,0.58,23.20,65,1508.00,51611
181,\N,sternson,093206,12-21-2007,Nimex,0.58,23.20,65,1508.00,51611
182,\N,karpova,093211,12-21-2007,Nimex,0.58,23.20,65,1508.00,51611
183,\N,svoboda,093204,11-30-2007,Nimex,1.06,42.40,65,2756.00,51611
184,\N,sternson,093206,11-30-2007,Nimex,1.06,42.40,65,2756.00,51611
185,\N,karpova,093211,11-30-2007,Nimex,1.06,42.40,65,2756.00,51611
186,\N,rinberg,093306,04-25-2008,Olfactometer Project Support,0.20,8.00,75,600.00,51611
187,\N,rinberg,093306,02-22-2008,Olfactometer Project Support,0.15,6.00,75,450.00,51611
188,\N,rinberg,093306,01-25-2008,Olfactometer Project Support,0.10,4.00,65,260.00,51611
189,\N,rinberg,093306,12-21-2007,Olfactometer Project Support,0.30,12.00,65,780.00,51611
190,\N,rinberg,093306,03-30-2007,Olfactometer Project Support,0.10,4.00,65,260.00,51611
191,\N,looger,093209,02-22-2008,Oligo Mgmt,0.49,19.60,75,1470.00,51611
192,\N,sternson,093206,02-22-2008,Oligo Mgmt,0.49,19.60,75,1470.00,51611
193,\N,simpson,093210,02-22-2008,Oligo Mgmt,0.49,19.60,75,1470.00,51611
194,\N,looger,093209,01-25-2008,Oligo Mgmt,0.30,12.00,65,780.00,51611
195,\N,looger,093209,11-30-2007,Oligo Mgmt,0.10,4.00,65,260.00,51611
196,\N,looger,093209,12-31-2006,Oligo Luger,0.16,6.40,65,416.00,51611
197,\N,looger,093209,11-30-2006,Oligo Luger,0.24,9.60,65,624.00,51611
198,\N,assctdirscitrain,093180,05-30-2008,Open Wiki,0.72,28.80,75,2160.00,51611
199,\N,assctdirscitrain,093180,04-25-2008,Open Wiki,0.60,24.00,75,1800.00,51611
200,\N,magee,093207,05-30-2008,PALM Reader,0.75,30.00,75,2250.00,51611
201,\N,magee,093207,04-25-2008,PALM Reader,1.10,44.00,75,3300.00,51611
202,\N,peng,093309,03-28-2008,Peng Lab Projects,0.10,4.00,75,300.00,51611
203,\N,eddy,093203,05-25-2007,Pfam,0.65,26.00,65,1690.00,51611
204,\N,eddy,093203,04-27-2007,Pfam,0.50,20.00,65,1300.00,51611
205,\N,eddy,093203,03-30-2007,Pfam,0.30,12.00,65,780.00,51611
206,\N,rubin,093205,03-28-2008,PlasMapper,0.40,16.00,75,1200.00,51611
207,\N,looger,093209,03-28-2008,Primer/Construct DB,0.24,9.60,75,720.00,51611
208,\N,sternson,093206,03-28-2008,Primer/Construct DB,0.24,9.60,75,720.00,51611
209,\N,simpson,093210,03-28-2008,Primer/Construct DB,0.24,9.60,75,720.00,51611
210,\N,adminfinance,093021,05-30-2008,Psynch,0.90,36.00,75,2700.00,51611
211,\N,chklovskii,093208,05-30-2008,Raveler,1.70,68.00,75,5100.00,51611
212,\N,chklovskii,093208,04-25-2008,Raveler,1.42,56.80,75,4260.00,51611
213,\N,chklovskii,093208,03-28-2008,Raveler,2.75,110.00,75,8250.00,51611
214,\N,chklovskii,093208,02-22-2008,Raveler,3.25,130.00,75,9750.00,51611
215,\N,chklovskii,093208,01-25-2008,Raveler,1.65,66.00,65,4290.00,51611
216,\N,reiser,093303,05-30-2008,Reiser Panel Control,1.45,58.00,75,4350.00,51611
217,\N,reiser,093303,04-25-2008,Reiser Panel Control,1.00,40.00,75,3000.00,51611
218,\N,reiser,093303,03-28-2008,Reiser Panel Control,0.10,4.00,75,300.00,51611
219,\N,reiser,093303,02-22-2008,Reiser Panel Control,2.70,108.00,75,8100.00,51611
220,\N,reiser,093303,01-25-2008,Reiser Panel Control,0.95,38.00,65,2470.00,51611
221,\N,reiser,093303,12-21-2007,Reiser Panel Control,0.35,14.00,65,910.00,51611
222,\N,molbio,093092,05-30-2008,Request-O-Rama,0.05,2.00,75,150.00,51611
223,\N,molbio,093092,02-22-2008,Request-O-Rama,0.15,6.00,75,450.00,51611
224,\N,lee,093214,05-30-2008,Researcher Web Site/Lee,0.05,2.00,75,150.00,51611
225,\N,lee,093214,04-25-2008,Researcher Web Site/Lee,0.05,2.00,75,150.00,51611
226,\N,rubin,093205,10-26-2007,Rubin/Arnim Secondary Image Generation,0.85,34.00,65,2210.00,51611
227,\N,rubin,093205,08-24-2007,Rubin Annotation Databse,0.40,16.00,65,1040.00,51611
228,\N,rubin,093205,09-28-2007,Rubin Image Server,0.30,12.00,65,780.00,51611
229,\N,rubin,093205,08-24-2007,Rubin Image Server,0.70,28.00,65,1820.00,51611
230,\N,rubin,093205,05-30-2008,Rubin Lab Projects,0.20,8.00,75,600.00,51611
231,\N,rubin,093205,04-25-2008,Rubin Lab Projects,0.10,4.00,75,300.00,51611
232,\N,rubin,093205,03-28-2008,Rubin Lab Projects,0.05,2.00,75,150.00,51611
233,\N,rubin,093205,02-22-2008,Rubin Lab Projects,0.30,12.00,75,900.00,51611
234,\N,svoboda,093204,05-30-2008,ScanImage,0.68,27.20,75,2040.00,51611
235,\N,jayaraman,093305,05-30-2008,ScanImage,0.68,27.20,75,2040.00,51611
236,\N,kerr,093304,05-30-2008,ScanImage,0.68,27.20,75,2040.00,51611
237,\N,dudman,093307,05-30-2008,ScanImage,0.68,27.20,75,2040.00,51611
238,\N,svoboda,093204,04-25-2008,ScanImage,0.15,6.00,75,450.00,51611
239,\N,jayaraman,093305,04-25-2008,ScanImage,0.15,6.00,75,450.00,51611
240,\N,kerr,093304,04-25-2008,ScanImage,0.15,6.00,75,450.00,51611
241,\N,dudman,093307,04-25-2008,ScanImage,0.15,6.00,75,450.00,51611
242,\N,svoboda,093204,03-28-2008,ScanImage,0.55,22.00,75,1650.00,51611
243,\N,jayaraman,093305,03-28-2008,ScanImage,0.55,22.00,75,1650.00,51611
244,\N,kerr,093304,03-28-2008,ScanImage,0.55,22.00,75,1650.00,51611
245,\N,dudman,093307,03-28-2008,ScanImage,0.55,22.00,75,1650.00,51611
246,\N,svoboda,093204,02-22-2008,ScanImage,0.47,18.80,75,1410.00,51611
247,\N,jayaraman,093305,02-22-2008,ScanImage,0.47,18.80,75,1410.00,51611
248,\N,kerr,093304,02-22-2008,ScanImage,0.47,18.80,75,1410.00,51611
249,\N,simpson,093210,04-25-2008,Secondary Image Generation,0.02,0.80,75,60.00,51611
250,\N,truman,093212,04-25-2008,Secondary Image Generation,0.02,0.80,75,60.00,51611
251,\N,rubin,093205,04-25-2008,Secondary Image Generation,0.02,0.80,75,60.00,51611
252,\N,simpson,093210,03-28-2008,Secondary Image Generation,0.02,0.80,75,60.00,51611
253,\N,truman,093212,03-28-2008,Secondary Image Generation,0.02,0.80,75,60.00,51611
254,\N,rubin,093205,03-28-2008,Secondary Image Generation,0.02,0.80,75,60.00,51611
255,\N,simpson,093210,02-22-2008,Secondary Image Generation,0.07,2.80,75,210.00,51611
256,\N,truman,093212,02-22-2008,Secondary Image Generation,0.07,2.80,75,210.00,51611
257,\N,rubin,093205,02-22-2008,Secondary Image Generation,0.07,2.80,75,210.00,51611
258,\N,simpson,093210,01-25-2008,Secondary Image Generation,0.13,5.20,65,338.00,51611
259,\N,truman,093212,01-25-2008,Secondary Image Generation,0.13,5.20,65,338.00,51611
260,\N,rubin,093205,01-25-2008,Secondary Image Generation,0.13,5.20,65,338.00,51611
261,\N,rubin,093205,12-21-2007,Secondary Image Generation,0.37,14.80,65,962.00,51611
262,\N,simpson,093210,12-21-2007,Secondary Image Generation,0.37,14.80,65,962.00,51611
263,\N,truman,093212,12-21-2007,Secondary Image Generation,0.37,14.80,65,962.00,51611
264,\N,rubin,093205,11-30-2007,Secondary Image Generation,0.48,19.20,65,1248.00,51611
265,\N,simpson,093210,11-30-2007,Secondary Image Generation,0.48,19.20,65,1248.00,51611
266,\N,truman,093212,11-30-2007,Secondary Image Generation,0.48,19.20,65,1248.00,51611
267,\N,hess,093297,05-30-2008,SEM Data Acquisition,1.60,64.00,75,4800.00,51611
268,\N,simpson,093210,09-28-2007,Simpson ChaCRM,0.10,4.00,65,260.00,51611
269,\N,simpson,093210,03-30-2007,Simpson Conference Website,0.15,6.00,65,390.00,51611
270,\N,simpson,093210,04-25-2008,Simpson Image Management,0.83,33.20,75,2490.00,51611
271,\N,simpson,093210,02-22-2008,Simpson Image Management,1.44,57.60,75,4320.00,51611
272,\N,simpson,093210,12-21-2007,Simpson Image Server,0.50,20.00,65,1300.00,51611
273,\N,simpson,093210,04-25-2008,Simpson Lab Projects,0.15,6.00,75,450.00,51611
274,\N,simpson,093210,03-28-2008,Simpson Lab Projects,0.50,20.00,75,1500.00,51611
275,\N,svoboda,093204,03-28-2008,Svoboda Lab Projects,0.05,2.00,75,150.00,51611
276,\N,svoboda,093204,02-22-2008,Svoboda Lab Projects,1.44,57.60,75,4320.00,51611
277,\N,svoboda,093204,10-26-2007,Svoboda Lab Projects,3.67,146.80,65,9542.00,51611
278,\N,svoboda,093204,09-28-2007,Svoboda Lab Projects,4.24,169.60,65,11024.00,51611
279,\N,svoboda,093204,08-24-2007,Svoboda Lab Projects,3.60,144.00,65,9360.00,51611
280,\N,svoboda,093204,07-27-2007,Svoboda Lab Projects,1.25,50.00,65,3250.00,51611
281,\N,kerr,093304,05-30-2008,Transmogrifier/Kerr,1.50,60.00,75,4500.00,51611
282,\N,rubin,093205,05-30-2008,Transmogrifier/Rubin,0.60,24.00,75,1800.00,51611
283,\N,truman,093212,04-25-2008,Truman Image Management,0.53,21.20,75,1590.00,51611
284,\N,truman,093212,04-25-2008,Truman Lab Projects,0.03,1.20,75,90.00,51611
285,\N,truman,093212,03-28-2008,Truman Lab Projects,0.15,6.00,75,450.00,51611
286,\N,vivarium,093090,05-30-2008,Vivarium Granite FMKr Pro Integration,0.65,26.00,75,1950.00,51611
287,\N,vivarium,093090,04-25-2008,Vivarium Granite FMKr Pro Integration,0.07,2.80,75,210.00,51611
288,\N,rubin,093205,06-27-2008,Annotation Database,0.05,2.00,75,150.00,51611
289,\N,simpson,093210,06-27-2008,Annotation Database,0.05,2.00,75,150.00,51611
290,\N,truman,093212,06-27-2008,Annotation Database,0.05,2.00,75,150.00,51611
291,\N,rubin,093205,06-27-2008,ChaCRM,0.10,4.00,75,300.00,51611
292,\N,simpson,093210,06-27-2008,ChaCRM,0.10,4.00,75,300.00,51611
293,\N,truman,093212,06-27-2008,ChaCRM,0.10,4.00,75,300.00,51611
294,\N,assctdirscitrain,093180,06-27-2008,Conf Mgmt,1.45,58.00,75,4350.00,51611
295,\N,adminfinance,093021,06-27-2008,Consol. Reports,0.90,36.00,75,2700.00,51611
296,\N,svoboda,093204,06-27-2008,Ephus,0.81,32.40,75,2430.00,51611
297,\N,karpova,093211,06-27-2008,Ephus,0.81,32.40,75,2430.00,51611
298,\N,sternson,093206,06-27-2008,Ephus,0.81,32.40,75,2430.00,51611
299,\N,rubin,093205,06-27-2008,Image Management,0.27,10.80,75,810.00,51611
300,\N,simpson,093210,06-27-2008,Image Management,0.27,10.80,75,810.00,51611
301,\N,truman,093212,06-27-2008,Image Management,0.27,10.80,75,810.00,51611
302,\N,adminfinance,093021,06-27-2008,Intranet/Wiki,4.15,166.00,75,12450.00,51611
303,\N,adminfinance,093021,06-27-2008,Jcard/LDAP Integration,0.50,20.00,75,1500.00,51611
304,\N,rubin,093205,06-27-2008,JTrack,0.05,2.00,75,150.00,51611
305,\N,jayaraman,093305,06-27-2008,Lab Website/Dudman,0.10,4.00,75,300.00,51611
306,\N,adminfinance,093021,06-27-2008,Link Resolver,0.10,4.00,75,300.00,51611
307,\N,reiser,093303,06-27-2008,Mtrax,0.50,20.00,75,1500.00,51611
308,\N,assctdirscitrain,093180,06-27-2008,Open Wiki,0.40,16.00,75,1200.00,51611
309,\N,svoboda,093204,06-27-2008,Qcammex,0.13,5.20,75,390.00,51611
310,\N,jayaraman,093305,06-27-2008,Qcammex,0.13,5.20,75,390.00,51611
311,\N,chklovskii,093208,06-27-2008,Raveler,1.40,56.00,75,4200.00,51611
312,\N,reiser,093303,06-27-2008,Reiser Panel Control,0.50,20.00,75,1500.00,51611
313,\N,lee,093214,06-27-2008,Researcher Web Site/Lee,0.10,4.00,75,300.00,51611
314,\N,rubin,093205,06-27-2008,Rubin Lab Projects,0.20,8.00,75,600.00,51611
315,\N,svoboda,093204,06-27-2008,ScanImage,0.33,13.20,75,990.00,51611
316,\N,jayaraman,093305,06-27-2008,ScanImage,0.33,13.20,75,990.00,51611
317,\N,kerr,093304,06-27-2008,ScanImage,0.33,13.20,75,990.00,51611
318,\N,dudman,093307,06-27-2008,ScanImage,0.33,13.20,75,990.00,51611
319,\N,hess,093297,06-27-2008,SEM Data Acquisition,3.05,122.00,75,9150.00,51611
320,\N,simpson,093210,06-27-2008,Simpson Grooming Database,1.55,62.00,75,4650.00,51611
321,\N,simpson,093210,06-27-2008,Simpson Image Management,0.65,26.00,75,1950.00,51611
322,\N,kerr,093304,06-27-2008,Transmogrifier/Kerr,0.20,8.00,75,600.00,51611
323,\N,rubin,093205,06-27-2008,Transmogrifier/Rubin,0.20,8.00,75,600.00,51611
325,\N,vivarium,093090,06-27-2008,Vivarium Granite FMKr Pro Integration,0.70,28.00,75,2100.00,51611
326,,rubin,093205,07-25-2008,Annotation Database,0.10,4.00,75,300.00,51611
327,,simpson,093210,07-25-2008,Annotation Database,0.10,4.00,75,300.00,51611
328,,truman,093212,07-25-2008,Annotation Database,0.10,4.00,75,300.00,51611
329,,molbio,093092,07-25-2008,Automated Sequence Transfer,0.25,10.00,75,750.00,51611
330,,rubin,093205,07-25-2008,ChaCRM,0.08,3.20,75,240.00,51611
331,,simpson,093210,07-25-2008,ChaCRM,0.08,3.20,75,240.00,51611
332,,truman,093212,07-25-2008,ChaCRM,0.08,3.20,75,240.00,51611
333,,assctdirscitrain,093180,07-25-2008,Conf Mgmt,0.20,8.00,75,600.00,51611
334,,adminfinance,093021,07-25-2008,Consol. Reports,0.70,28.00,75,2100.00,51611
335,,svoboda,093204,07-25-2008,Ephus,0.57,22.80,75,1710.00,51611
336,,karpova,093211,07-25-2008,Ephus,0.57,22.80,75,1710.00,51611
337,,sternson,093206,07-25-2008,Ephus,0.57,22.80,75,1710.00,51611
338,,adminfinance,093021,07-25-2008,Intranet/Wiki,3.25,130.00,75,9750.00,51611
339,,adminfinance,093021,07-25-2008,Link Resolver,0.10,4.00,75,300.00,51611
340,,jayaraman,093305,07-25-2008,Neuroptikon,1.85,74.00,75,5550.00,51611
341,,chklovskii,093208,07-25-2008,Neuroptikon,1.85,74.00,75,5550.00,51611
342,,svoboda,093204,07-25-2008,Nimex,0.03,1.20,75,90.00,51611
343,,sternson,093206,07-25-2008,Nimex,0.03,1.20,75,90.00,51611
344,,karpova,093211,07-25-2008,Nimex,0.03,1.20,75,90.00,51611
345,,assctdirscitrain,093180,07-25-2008,Open Wiki,0.25,10.00,75,750.00,51611
346,,magee,093207,07-25-2008,PALM Reader,0.30,12.00,75,900.00,51611
347,,chklovskii,093208,07-25-2008,Raveler,0.90,36.00,75,2700.00,51611
348,,reiser,093303,07-25-2008,Reiser Panel Control,2.60,104.00,75,7800.00,51611
349,,lee,093214,07-25-2008,Researcher Web Site/Sternson,0.05,2.00,75,150.00,51611
350,,svoboda,093204,07-25-2008,ScanImage,0.42,16.80,75,1260.00,51611
351,,jayaraman,093305,07-25-2008,ScanImage,0.42,16.80,75,1260.00,51611
352,,kerr,093304,07-25-2008,ScanImage,0.42,16.80,75,1260.00,51611
353,,dudman,093307,07-25-2008,ScanImage,0.42,16.80,75,1260.00,51611
354,,hess,093297,07-25-2008,SEM Data Acquisition,0.50,20.00,75,1500.00,51611
355,,simpson,093210,07-25-2008,Simpson Grooming Database,1.25,50.00,75,3750.00,51611
356,JV000029,visscien,093400,06-27-2008,Tzumin Lee Rubin Line Analysis,0.10,4.00,75,300.00,51611
357,,vivarium,093090,07-25-2008,Vivarium Granite FMKr Pro Integration,0.80,32.00,75,2400.00,51611
359,,rubin,093205,08-22-2008,Annotation Database,0.15,6.00,75,450.00,51611
360,,simpson,093210,08-22-2008,Annotation Database,0.15,6.00,75,450.00,51611
361,,truman,093212,08-22-2008,Annotation Database,0.15,6.00,75,450.00,51611
362,,rubin,093205,08-22-2008,Apollo,0.20,8.00,75,600.00,51611
363,,reiser,093303,08-22-2008,Augmented DAQ Toolbox,0.25,10.00,75,750.00,51611
364,,molbio,093092,08-22-2008,Automated Sequence Transfer,0.50,20.00,75,1500.00,51611
365,,rubin,093205,08-22-2008,ChaCRM,0.02,0.80,75,60.00,51611
366,,simpson,093210,08-22-2008,ChaCRM,0.02,0.80,75,60.00,51611
367,,truman,093212,08-22-2008,ChaCRM,0.02,0.80,75,60.00,51611
368,,assctdirscitrain,093180,08-22-2008,Conf Mgmt,0.20,8.00,75,600.00,51611
369,,adminfinance,093021,08-22-2008,Consol. Reports,0.75,30.00,75,2250.00,51611
370,,svoboda,093204,08-22-2008,Ephus,0.64,25.60,75,1920.00,51611
371,,karpova,093211,08-22-2008,Ephus,0.63,25.20,75,1890.00,51611
372,,sternson,093206,08-22-2008,Ephus,0.63,25.20,75,1890.00,51611
373,,rubin,093205,08-22-2008,Image Management,0.05,2.00,75,150.00,51611
374,,simpson,093210,08-22-2008,Image Management,0.05,2.00,75,150.00,51611
375,,truman,093212,08-22-2008,Image Management,0.05,2.00,75,150.00,51611
376,,adminfinance,093021,08-22-2008,Intranet/Wiki,3.95,158.00,75,11850.00,51611
377,,adminfinance,093021,08-22-2008,Jcard/LDAP Integration,1.60,64.00,75,4800.00,51611
378,,myers,093201,08-22-2008,JFTagger,1.35,54.00,75,4050.00,51611
379,,rubin,093205,08-22-2008,JTrack,0.05,2.00,75,150.00,51611
380,,karpova,093211,08-22-2008,Karpova Scan Image,0.20,8.00,75,600.00,51611
381,,reiser,093303,08-22-2008,Mtrax,0.10,4.00,75,300.00,51611
382,,rinberg,093306,08-22-2008,Neuralynx,0.45,18.00,75,1350.00,51611
383,,jayaraman,093305,08-22-2008,Neuroptikon,0.80,32.00,75,2400.00,51611
384,,chklovskii,093208,08-22-2008,Neuroptikon,0.80,32.00,75,2400.00,51611
385,,assctdirscitrain,093180,08-22-2008,Open Wiki,0.05,2.00,75,150.00,51611
386,,looger,093209,08-22-2008,Primer/Construct DB,1.02,40.80,75,3060.00,51611
387,,sternson,093206,08-22-2008,Primer/Construct DB,1.01,40.40,75,3030.00,51611
388,,simpson,093210,08-22-2008,Primer/Construct DB,1.01,40.40,75,3030.00,51611
389,,chklovskii,093208,08-22-2008,Raveler,1.85,74.00,75,5550.00,51611
390,,reiser,093303,08-22-2008,Reiser Panel Control,2.40,96.00,75,7200.00,51611
391,,rubin,093205,08-22-2008,Rubin Lab Projects,0.40,16.00,75,1200.00,51611
392,,svoboda,093204,08-22-2008,ScanImage,0.37,14.80,75,1110.00,51611
393,,jayaraman,093305,08-22-2008,ScanImage,0.36,14.40,75,1080.00,51611
394,,kerr,093304,08-22-2008,ScanImage,0.36,14.40,75,1080.00,51611
395,,dudman,093307,08-22-2008,ScanImage,0.36,14.40,75,1080.00,51611
396,,campussrvadm,093055,08-22-2008,Servery Menus,0.50,20.00,75,1500.00,51611
397,,simpson,093210,08-22-2008,Simpson Grooming Database,1.65,66.00,75,4950.00,51611
398,,simpson,093210,08-22-2008,Simpson Image Management,0.20,8.00,75,600.00,51611
399,,myers,093201,08-22-2008,Subversion Support,0.10,4.00,75,300.00,51611
400,,rubin,093205,08-22-2008,Transmogrifier/Rubin,0.10,4.00,75,300.00,51611
401,,truman,093212,08-22-2008,Truman Image Management,0.05,2.00,75,150.00,51611
402,,vivarium,093090,08-22-2008,Vivarium Granite FMKr Pro Integration,0.37,14.80,75,1110.00,51611
452,,rubin,093205,09-26-2008,Annotation Database,0.10,4.00,75,300.00,51611
453,,simpson,093210,09-26-2008,Annotation Database,0.10,4.00,75,300.00,51611
454,,truman,093212,09-26-2008,Annotation Database,0.10,4.00,75,300.00,51611
455,,baker,093215,09-26-2008,Baker Image Management,0.20,8.00,75,600.00,51611
456,,rubin,093205,09-26-2008,ChaCRM,0.17,6.68,75,501.00,51611
457,,simpson,093210,09-26-2008,ChaCRM,0.17,6.68,75,501.00,51611
458,,truman,093212,09-26-2008,ChaCRM,0.17,6.68,75,501.00,51611
459,,assctdirscitrain,093180,09-26-2008,Conf Mgmt,0.70,28.00,75,2100.00,51611
460,,adminfinance,093021,09-26-2008,Consol. Reports,0.85,34.00,75,2550.00,51611
461,,looger,093209,09-26-2008,Construct DB,3.28,131.20,75,9840.00,51611
462,,svoboda,093204,09-26-2008,Ephus,0.22,8.64,75,648.00,51611
463,,karpova,093211,09-26-2008,Ephus,0.22,8.64,75,648.00,51611
464,,sternson,093206,09-26-2008,Ephus,0.22,8.64,75,648.00,51611
465,JVS002900,visscien,093400,09-26-2008,Fly Brain Imaging EM,1.05,42.00,75,3150.00,51611
466,JVS003900,visscien,093400,09-26-2008,Fly Brain Imaging Optical,0.50,20.00,75,1500.00,51611
467,,rubin,093205,09-26-2008,Image Management,0.23,9.32,75,699.00,51611
468,,simpson,093210,09-26-2008,Image Management,0.23,9.32,75,699.00,51611
469,,truman,093212,09-26-2008,Image Management,0.23,9.32,75,699.00,51611
470,,adminfinance,093021,09-26-2008,Intranet/Wiki,11.10,444.00,75,33300.00,51611
471,,adminfinance,093021,09-26-2008,Jcard/LDAP Integration,0.10,4.00,75,300.00,51611
472,,myers,093201,09-26-2008,JFTagger,0.75,30.00,75,2250.00,51611
473,,rubin,093205,09-26-2008,JTrack,0.10,4.00,75,300.00,51611
474,,assctdirscitrain,093180,09-26-2008,Lab Website/All,0.30,12.00,75,900.00,51611
475,,dudman,093307,09-26-2008,Lab Website/Dudman,0.20,8.00,75,600.00,51611
476,,lee,093214,09-26-2008,Lab Website/Lee,0.05,2.00,75,150.00,51611
477,,leonardo,093213,09-26-2008,Lab Website/Leonardo,0.05,2.00,75,150.00,51611
478,,reiser,093303,09-26-2008,Mtrax,0.65,26.00,75,1950.00,51611
479,,rinberg,093306,09-26-2008,Neuralynx,4.43,177.20,75,13290.00,51611
480,,jayaraman,093305,09-26-2008,Neuroptikon,1.90,76.00,75,5700.00,51611
481,,chklovskii,093208,09-26-2008,Neuroptikon,1.90,76.00,75,5700.00,51611
482,,assctdirscitrain,093180,09-26-2008,Open Wiki,0.10,4.00,75,300.00,51611
483,,looger,093209,09-26-2008,Primer DB,0.03,1.20,75,90.00,51611
484,,sternson,093206,09-26-2008,Primer DB,0.03,1.20,75,90.00,51611
485,,simpson,093210,09-26-2008,Primer DB,0.03,1.20,75,90.00,51611
486,,chklovskii,093208,09-26-2008,Raveler,1.45,58.00,75,4350.00,51611
487,,reiser,093303,09-26-2008,Reiser Panel Control,0.15,6.00,75,450.00,51611
488,,rubin,093205,09-26-2008,Rubin Lab Projects,0.20,8.00,75,600.00,51611
489,,svoboda,093204,09-26-2008,ScanImage,0.76,30.52,75,2289.00,51611
490,,jayaraman,093305,09-26-2008,ScanImage,0.76,30.52,75,2289.00,51611
491,,kerr,093304,09-26-2008,ScanImage,0.76,30.52,75,2289.00,51611
492,,dudman,093307,09-26-2008,ScanImage,0.76,30.52,75,2289.00,51611
493,,hess,093297,09-26-2008,SEM Data Acquisition,0.05,2.00,75,150.00,51611
494,,molbio,093092,09-26-2008,Sequence Transfer,0.45,18.00,75,1350.00,51611
495,,campussrvadm,093055,09-26-2008,Servery Menus,0.70,28.00,75,2100.00,51611
496,,simpson,093210,09-26-2008,Simpson Grooming Database,1.45,58.00,75,4350.00,51611
497,,simpson,093210,09-26-2008,Simpson Lab Projects,0.10,4.00,75,300.00,51611
498,,svoboda,093204,09-26-2008,Svoboda Lab Projects,0.20,8.00,75,600.00,51611
499,,vivarium,093090,09-26-2008,Vivarium Granite FMKr Pro Integration,0.01,0.40,75,30.00,51611
500,,coo,093010,10-31-2008,AIRI Presidents Survey,0.25,10.00,75,750.00,51611
501,,rubin,093205,10-31-2008,Annotation Database,0.02,0.66,75,49.80,51611
502,,simpson,093210,10-31-2008,Annotation Database,0.02,0.66,75,49.80,51611
503,,truman,093212,10-31-2008,Annotation Database,0.02,0.66,75,49.80,51611
504,JVS005100,visscien,093400,10-31-2008,Antibody Lab,0.20,8.00,75,600.00,51611
505,,baker,093215,10-31-2008,Baker Image Management,1.10,44.00,75,3300.00,51611
506,,rubin,093205,10-31-2008,ChaCRM,1.40,56.00,75,4200.00,51611
507,,simpson,093210,10-31-2008,ChaCRM,1.40,56.00,75,4200.00,51611
508,,truman,093212,10-31-2008,ChaCRM,1.40,56.00,75,4200.00,51611
509,,assctdirscitrain,093180,10-31-2008,Conf Mgmt,0.10,4.00,75,300.00,51611
510,,adminfinance,093021,10-31-2008,Consol. Reports,1.55,62.00,75,4650.00,51611
511,,looger,093209,10-31-2008,Construct DB,0.88,35.20,75,2640.00,51611
512,,assctdirscitrain,093180,10-31-2008,DIADEM,1.15,46.00,75,3450.00,51611
513,,svoboda,093204,10-31-2008,Ephus,0.22,8.64,75,648.00,51611
514,,karpova,093211,10-31-2008,Ephus,0.22,8.64,75,648.00,51611
515,,sternson,093206,10-31-2008,Ephus,0.22,8.64,75,648.00,51611
516,,campussrvadm,093055,10-31-2008,Fall Fair,0.45,18.00,75,1350.00,51611
517,JVS003900,visscien,093400,10-31-2008,Fly Brain Imaging Optical,0.85,34.00,75,2550.00,51611
518,,rubin,093205,10-31-2008,Image Management,0.17,6.64,75,498.00,51611
519,,simpson,093210,10-31-2008,Image Management,0.17,6.64,75,498.00,51611
520,,truman,093212,10-31-2008,Image Management,0.17,6.64,75,498.00,51611
521,,adminfinance,093021,10-31-2008,Intranet/Wiki,2.45,98.00,75,7350.00,51611
522,,adminfinance,093021,10-31-2008,Jcard/LDAP Integration,2.70,108.00,75,8100.00,51611
523,,myers,093201,10-31-2008,JFTagger,1.35,54.00,75,4050.00,51611
524,,lee,093214,10-31-2008,Lab Website/Lee,0.20,8.00,75,600.00,51611
525,,looger,093209,10-31-2008,Lab Website/Looger,0.20,8.00,75,600.00,51611
526,,dirsciserv,093070,10-31-2008,Lasergene,0.10,4.00,75,300.00,51611
527,JVS002900,visscien,093400,10-31-2008,Leginon,0.15,6.00,75,450.00,51611
528,,dudman,093307,10-31-2008,Log Search Tool,0.90,36.00,75,2700.00,51611
529,,reiser,093303,10-31-2008,Mtrax,1.85,74.00,75,5550.00,51611
530,,rinberg,093306,10-31-2008,Neuralynx,3.75,150.00,75,11250.00,51611
531,,jayaraman,093305,10-31-2008,Neuroptikon,3.85,154.00,75,11550.00,51611
532,,gustafsson,093216,10-31-2008,OMG,1.35,54.00,75,4050.00,51611
533,,instrdesapp,093097,10-31-2008,Parts Database,0.70,28.00,75,2100.00,51611
534,,looger,093209,10-31-2008,Primer DB,0.24,9.72,75,729.00,51611
535,,sternson,093206,10-31-2008,Primer DB,0.24,9.72,75,729.00,51611
536,,simpson,093210,10-31-2008,Primer DB,0.24,9.72,75,729.00,51611
537,,chklovskii,093208,10-31-2008,Raveler,3.25,130.00,75,9750.00,51611
538,,molbio,093092,10-31-2008,Request-O-Rama,0.35,14.00,75,1050.00,51611
539,,rubin,093205,10-31-2008,Rubin Image Management,0.25,10.00,75,750.00,51611
540,,svoboda,093204,10-31-2008,ScanImage,0.96,38.48,75,2886.00,51611
541,,jayaraman,093305,10-31-2008,ScanImage,0.96,38.48,75,2886.00,51611
542,,kerr,093304,10-31-2008,ScanImage,0.96,38.48,75,2886.00,51611
543,,dudman,093307,10-31-2008,ScanImage,0.96,38.48,75,2886.00,51611
544,,molbio,093092,10-31-2008,Sequence Transfer,0.05,2.00,75,150.00,51611
545,,campussrvadm,093055,10-31-2008,Servery Menus,1.10,44.00,75,3300.00,51611
546,,vivarium,093090,10-31-2008,Vivarium Granite FMKr Pro Integration,0.05,2.00,75,150.00,51611
547,,rubin,093205,11-21-2008,Annotation Database,0.38,15.33,75,1149.90,51611
548,,simpson,093210,11-21-2008,Annotation Database,0.38,15.33,75,1149.90,51611
549,,truman,093212,11-21-2008,Annotation Database,0.38,15.33,75,1149.90,51611
550,JVS005100,visscien,093400,11-21-2008,Antibody Lab,0.10,4.00,75,300.00,51611
551,,baker,093215,11-21-2008,Baker Image Management,0.85,34.00,75,2550.00,51611
552,,rubin,093205,11-21-2008,ChaCRM,0.75,30.00,75,2250.00,51611
553,,simpson,093210,11-21-2008,ChaCRM,0.75,30.00,75,2250.00,51611
554,,truman,093212,11-21-2008,ChaCRM,0.75,30.00,75,2250.00,51611
555,,assctdirscitrain,093180,11-21-2008,Conf Mgmt,1.25,50.00,75,3750.00,51611
556,,adminfinance,093021,11-21-2008,Consol. Reports,0.55,22.00,75,1650.00,51611
557,,svoboda,093204,11-21-2008,Ephus,0.16,6.40,75,480.00,51611
558,,karpova,093211,11-21-2008,Ephus,0.16,6.40,75,480.00,51611
559,,sternson,093206,11-21-2008,Ephus,0.16,6.40,75,480.00,51611
560,,rubin,093205,11-21-2008,Image Management,0.02,0.66,75,49.80,51611
561,,simpson,093210,11-21-2008,Image Management,0.02,0.66,75,49.80,51611
562,,truman,093212,11-21-2008,Image Management,0.02,0.66,75,49.80,51611
563,,adminfinance,093021,11-21-2008,Intranet/Wiki,1.15,46.00,75,3450.00,51611
564,,myers,093201,11-21-2008,JFTagger,1.80,72.00,75,5400.00,51611
565,,assctdirscitrain,093180,11-21-2008,Lab Website/All,1.10,44.00,75,3300.00,51611
566,,lavis,093310,11-21-2008,Lab Website/Lavis,0.35,14.00,75,1050.00,51611
567,JVS002900,visscien,093400,11-21-2008,Leginon,0.25,10.00,75,750.00,51611
568,JVS000601,visscien,093400,11-21-2008,Live Cell Imaging,0.95,38.00,75,2850.00,51611
569,,dudman,093307,11-21-2008,Log Search Tool,0.25,10.00,75,750.00,51611
570,,reiser,093303,11-21-2008,Mtrax,0.60,24.00,75,1800.00,51611
571,,rinberg,093306,11-21-2008,Neuralynx,1.88,75.20,75,5640.00,51611
572,,jayaraman,093305,11-21-2008,Neuroptikon,1.20,48.00,75,3600.00,51611
573,,gustafsson,093216,11-21-2008,OMG,0.40,16.00,75,1200.00,51611
574,,assctdirscitrain,093180,11-21-2008,Open Wiki,0.15,6.00,75,450.00,51611
575,,instrdesapp,093097,11-21-2008,Parts Database,0.05,2.00,75,150.00,51611
576,,humanres,093024,11-21-2008,Poster/Flyer Design - HR,0.60,24.00,75,1800.00,51611
577,,campussrvadm,093055,11-21-2008,Poster/Flyer Design - Campus Services,0.40,16.00,75,1200.00,51611
578,,chklovskii,093208,11-21-2008,Raveler,2.20,88.00,75,6600.00,51611
579,,molbio,093092,11-21-2008,Request-O-Rama,0.03,1.20,75,90.00,51611
580,,rubin,093205,11-21-2008,Rubin Image Management,0.25,10.00,75,750.00,51611
581,,rubin,093205,11-21-2008,Rubin Lab Projects,0.05,2.00,75,150.00,51611
582,,svoboda,093204,11-21-2008,ScanImage,0.36,14.30,75,1072.50,51611
583,,jayaraman,093305,11-21-2008,ScanImage,0.36,14.30,75,1072.50,51611
584,,kerr,093304,11-21-2008,ScanImage,0.36,14.30,75,1072.50,51611
585,,dudman,093307,11-21-2008,ScanImage,0.36,14.30,75,1072.50,51611
586,,campussrvadm,093055,11-21-2008,Servery Menus,0.20,8.00,75,600.00,51611
587,,adminfinance,093021,11-21-2008,Unified User Management,0.60,24.00,75,1800.00,51611
588,,leonardo,093213,11-21-2008,Virtual Environment,0.32,13.00,75,975.00,51611
589,,jayaraman,093305,11-21-2008,Virtual Environment,0.32,13.00,75,975.00,51611
590,,rubin,093205,12-19-2008,Annotation Database,0.38,15.33,75,1149.90,51611
591,,simpson,093210,12-19-2008,Annotation Database,0.38,15.33,75,1149.90,51611
592,,truman,093212,12-19-2008,Annotation Database,0.38,15.33,75,1149.90,51611
593,JVS005100,visscien,093400,12-19-2008,Antibody Lab,0.40,16.00,75,1200.00,51611
594,,rubin,093205,12-19-2008,ChaCRM,1.45,58.00,75,4350.00,51611
595,,simpson,093210,12-19-2008,ChaCRM,1.45,58.00,75,4350.00,51611
596,,truman,093212,12-19-2008,ChaCRM,1.45,58.00,75,4350.00,51611
597,,assctdirscitrain,093180,12-19-2008,Conf Mgmt,0.90,36.00,75,2700.00,51611
598,,adminfinance,093021,12-19-2008,Consol. Reports,0.45,18.00,75,1350.00,51611
599,,assctdirscitrain,093180,12-19-2008,DIADEM,0.20,8.00,75,600.00,51611
600,JVS003900,visscien,093400,12-19-2008,Fly Brain Imaging Optical,1.35,54.00,75,4050.00,51611
601,,rubin,093205,12-19-2008,Image Management,0.00,0.20,75,15.00,51611
602,,simpson,093210,12-19-2008,Image Management,0.00,0.20,75,15.00,51611
603,,truman,093212,12-19-2008,Image Management,0.00,0.20,75,15.00,51611
604,,baker,093215,12-19-2008,Image Management,0.00,0.20,75,15.00,51611
605,,adminfinance,093021,12-19-2008,Intranet/Wiki,1.90,76.00,75,5700.00,51611
606,,myers,093201,12-19-2008,JFTagger,0.65,26.00,75,1950.00,51611
607,,assctdirscitrain,093180,12-19-2008,Lab Website/All,0.10,4.00,75,300.00,51611
608,,clayton,093403,12-19-2008,Lab Website/Clayton,0.13,5.20,75,390.00,51611
609,JVS002900,visscien,093400,12-19-2008,Leginon,0.70,28.00,75,2100.00,51611
610,,reiser,093303,12-19-2008,Mtrax,0.25,10.00,75,750.00,51611
611,,leonardo,093213,12-19-2008,Mystery Science Dragonfly Theater,0.75,30.00,75,2250.00,51611
612,,jayaraman,093305,12-19-2008,Mystery Science Dragonfly Theater,0.75,30.00,75,2250.00,51611
613,,rinberg,093306,12-19-2008,Neuralynx,3.40,136.00,75,10200.00,51611
614,,jayaraman,093305,12-19-2008,Neuroptikon,1.50,60.00,75,4500.00,51611
615,,chklovskii,093208,12-19-2008,Neuroptikon,1.50,60.00,75,4500.00,51611
616,,gustafsson,093216,12-19-2008,OMG,0.10,4.00,75,300.00,51611
617,,assctdirscitrain,093180,12-19-2008,Open Wiki,0.13,5.20,75,390.00,51611
618,,humanres,093024,12-19-2008,Poster/Flyer Design - HR,0.20,8.00,75,600.00,51611
619,,campussrvadm,093055,12-19-2008,Poster/Flyer Design - Campus Services,0.20,8.00,75,600.00,51611
620,,chklovskii,093208,12-19-2008,Raveler,2.75,110.00,75,8250.00,51611
621,,molbio,093092,12-19-2008,Request-O-Rama,0.30,12.00,75,900.00,51611
622,,rubin,093205,12-19-2008,Rubin High Magnification Images,0.30,12.00,75,900.00,51611
623,,svoboda,093204,12-19-2008,ScanImage,0.64,25.50,75,1912.50,51611
624,,jayaraman,093305,12-19-2008,ScanImage,0.64,25.50,75,1912.50,51611
625,,kerr,093304,12-19-2008,ScanImage,0.64,25.50,75,1912.50,51611
626,,dudman,093307,12-19-2008,ScanImage,0.64,25.50,75,1912.50,51611
627,,campussrvadm,093055,12-19-2008,Servery Menus,0.20,8.00,75,600.00,51611
628,,simpson,093210,12-19-2008,Simpson Grooming Database,0.15,6.00,75,450.00,51611
629,,adminfinance,093021,12-19-2008,Unified User Management,1.30,52.00,75,3900.00,51611
630,,rubin,093205,01-30-2009,Annotation Database,0.14,5.73,75,429.90,51611
631,,simpson,093210,01-30-2009,Annotation Database,0.14,5.73,75,429.90,51611
632,,truman,093212,01-30-2009,Annotation Database,0.14,5.73,75,429.90,51611
633,,rubin,093205,01-30-2009,Apollo,0.02,0.80,75,60.00,51611
634,,rubin,093205,01-30-2009,ChaCRM,1.82,72.64,75,5448.00,51611
635,,simpson,093210,01-30-2009,ChaCRM,1.82,72.64,75,5448.00,51611
636,,truman,093212,01-30-2009,ChaCRM,1.82,72.64,75,5448.00,51611
637,,assctdirscitrain,093180,01-30-2009,Conf Mgmt,0.35,14.00,75,1050.00,51611
638,,adminfinance,093021,01-30-2009,Consol. Reports,1.15,46.00,75,3450.00,51611
639,,assctdirscitrain,093180,01-30-2009,DIADEM,1.93,77.20,75,5790.00,51611
640,,svoboda,093204,01-30-2009,Ephus,0.02,0.66,75,49.80,51611
641,,karpova,093211,01-30-2009,Ephus,0.02,0.66,75,49.80,51611
642,,sternson,093206,01-30-2009,Ephus,0.02,0.66,75,49.80,51611
643,JVS003900,visscien,093400,01-30-2009,Fly Brain Imaging Optical,3.50,140.00,75,10500.00,51611
644,,rubin,093205,01-30-2009,Image Management,0.22,9.00,75,675.00,51611
645,,simpson,093210,01-30-2009,Image Management,0.22,9.00,75,675.00,51611
646,,truman,093212,01-30-2009,Image Management,0.22,9.00,75,675.00,51611
647,,baker,093215,01-30-2009,Image Management,0.22,9.00,75,675.00,51611
648,,adminfinance,093021,01-30-2009,Intranet/Wiki,1.12,44.80,75,3360.00,51611
649,,myers,093201,01-30-2009,JFTagger,0.55,22.00,75,1650.00,51611
650,,dudman,093307,01-30-2009,Lab Website/Dudman,0.05,2.00,75,150.00,51611
651,JVS002900,visscien,093400,01-30-2009,Leginon,0.10,4.00,75,300.00,51611
652,,baker,093215,01-30-2009,Mtrax,0.18,7.00,75,525.00,51611
653,,reiser,093303,01-30-2009,Mtrax,0.18,7.00,75,525.00,51611
654,,leonardo,093213,01-30-2009,Mystery Science Dragonfly Theater,1.02,41.00,75,3075.00,51611
655,,jayaraman,093305,01-30-2009,Mystery Science Dragonfly Theater,1.02,41.00,75,3075.00,51611
656,,rinberg,093306,01-30-2009,Neuralynx,0.60,24.00,75,1800.00,51611
657,,jayaraman,093305,01-30-2009,Neuroptikon,1.92,77.00,75,5775.00,51611
658,,chklovskii,093208,01-30-2009,Neuroptikon,1.92,77.00,75,5775.00,51611
659,,gustafsson,093216,01-30-2009,OMG,0.85,34.00,75,2550.00,51611
660,,chklovskii,093208,01-30-2009,Raveler,3.95,158.00,75,11850.00,51611
661,,reiser,093303,01-30-2009,Reiser Panel Control,3.80,152.00,75,11400.00,51611
662,,molbio,093092,01-30-2009,Request-O-Rama,0.10,4.00,75,300.00,51611
663,,rubin,093205,01-30-2009,Rubin Image Management,0.88,35.20,75,2640.00,51611
664,,svoboda,093204,01-30-2009,ScanImage,1.02,41.00,75,3075.00,51611
665,,jayaraman,093305,01-30-2009,ScanImage,1.02,41.00,75,3075.00,51611
666,,kerr,093304,01-30-2009,ScanImage,1.02,41.00,75,3075.00,51611
667,,dudman,093307,01-30-2009,ScanImage,1.02,41.00,75,3075.00,51611
668,,campussrvadm,093055,01-30-2009,Servery Menus,1.20,48.00,75,3600.00,51611
669,,simpson,093210,01-30-2009,Simpson Grooming Database,0.20,8.00,75,600.00,51611
670,,svoboda,093204,01-30-2009,Svoboda Lab Projects,0.05,2.00,75,150.00,51611
671,,looger,093209,01-30-2009,Two Photon Spectroscopy,0.07,2.64,75,198.00,51611
672,,lavis,093310,01-30-2009,Two Photon Spectroscopy,0.07,2.64,75,198.00,51611
673,,harris,093298,01-30-2009,Two Photon Spectroscopy,0.07,2.64,75,198.00,51611
674,,adminfinance,093021,01-30-2009,Unified User Management,1.60,64.00,75,4800.00,51611
675,,rubin,093205,01-30-2009,Virtual Feather,0.85,34.00,75,2550.00,51611
677,,baker,093215,02-27-2009,Baker Image Management,0.05,2.00,75,150.00,51611
678,,riddiford,093302,02-27-2009,Burrowing Analysis,2.45,98.00,75,7350.00,51611
679,,rubin,093205,02-27-2009,ChaCRM,0.10,4.00,75,300.00,51611
680,,simpson,093210,02-27-2009,ChaCRM,0.10,4.00,75,300.00,51611
681,,truman,093212,02-27-2009,ChaCRM,0.10,4.00,75,300.00,51611
682,,confsupphous,093061,02-27-2009,Conf Mgmt,0.55,22.00,75,1650.00,51611
683,,adminfinance,093021,02-27-2009,Consol. Reports,0.70,28.00,75,2100.00,51611
684,,rubin,093205,02-27-2009,CRM Mapper,0.15,6.00,75,450.00,51611
685,,svoboda,093204,02-27-2009,Ephus,0.02,0.66,75,49.80,51611
686,,karpova,093211,02-27-2009,Ephus,0.02,0.66,75,49.80,51611
687,,sternson,093206,02-27-2009,Ephus,0.02,0.66,75,49.80,51611
688,JVS003900,visscien,093400,02-27-2009,Fly Brain Imaging Optical,3.50,140.00,75,10500.00,51611
689,JVS002800,visscien,093400,02-27-2009,Fly Olympiad,0.30,12.00,75,900.00,51611
690,,adminfinance,093021,02-27-2009,Intranet/Wiki,3.35,134.00,75,10050.00,51611
691,,myers,093201,02-27-2009,JFTagger,1.00,40.00,75,3000.00,51611
692,,assctdirscitrain,093180,02-27-2009,Lab Website/All,0.40,16.00,75,1200.00,51611
693,,looger,093209,02-27-2009,Lab Website/Looger,0.10,4.00,75,300.00,51611
694,,karpova,093211,02-27-2009,Lab Website/Karpova,0.15,6.00,75,450.00,51611
695,JVS002900,visscien,093400,02-27-2009,Leginon,0.05,2.00,75,150.00,51611
696,,baker,093215,02-27-2009,Mtrax/Baker,0.10,4.00,75,300.00,51611
697,,leonardo,093213,02-27-2009,Mystery Science Dragonfly Theater,0.80,32.00,75,2400.00,51611
698,,jayaraman,093305,02-27-2009,Mystery Science Dragonfly Theater,0.80,32.00,75,2400.00,51611
699,,rinberg,093306,02-27-2009,Neuralynx,0.70,28.00,75,2100.00,51611
700,,jayaraman,093305,02-27-2009,Neuroptikon,1.35,54.00,75,4050.00,51611
701,,chklovskii,093208,02-27-2009,Neuroptikon,1.35,54.00,75,4050.00,51611
702,,adminfinance,093021,02-27-2009,Offboarding (C-Cure),0.02,0.80,75,60.00,51611
703,,gustafsson,093216,02-27-2009,OMG,0.90,36.00,75,2700.00,51611
704,,assctdirscitrain,093180,02-27-2009,Open Wiki,0.05,2.00,75,150.00,51611
705,,coo,093010,02-27-2009,Org Charts,0.10,4.00,75,300.00,51611
706,,chklovskii,093208,02-27-2009,Raveler,2.80,112.00,75,8400.00,51611
707,,reiser,093303,02-27-2009,Reiser Panel Control,2.75,110.00,75,8250.00,51611
708,,rubin,093205,02-27-2009,Rubin Lab Projects,0.35,14.00,75,1050.00,51611
709,,svoboda,093204,02-27-2009,ScanImage,0.68,27.00,75,2025.00,51611
710,,jayaraman,093305,02-27-2009,ScanImage,0.68,27.00,75,2025.00,51611
711,,kerr,093304,02-27-2009,ScanImage,0.68,27.00,75,2025.00,51611
712,,dudman,093307,02-27-2009,ScanImage,0.68,27.00,75,2025.00,51611
713,,molbio,093092,02-27-2009,Sequence Transfer,0.03,1.20,75,90.00,51611
714,,campussrvadm,093055,02-27-2009,Servery Menus,1.55,62.00,75,4650.00,51611
715,,simpson,093210,02-27-2009,Simpson Grooming Database,0.05,2.00,75,150.00,51611
716,,simpson,093210,02-27-2009,Simpson Lab Projects,0.10,4.00,75,300.00,51611
717,,leet,093217,02-27-2009,Transmogrifier/Lee,0.10,4.00,75,300.00,51611
718,,looger,093209,02-27-2009,Two Photon Spectroscopy,0.25,10.00,75,750.00,51611
719,,lavis,093310,02-27-2009,Two Photon Spectroscopy,0.25,10.00,75,750.00,51611
720,,harris,093298,02-27-2009,Two Photon Spectroscopy,0.25,10.00,75,750.00,51611
721,,rubin,093205,02-27-2009,Virtual Feather,1.65,66.00,75,4950.00,51611
722,,svoboda,093204,02-27-2009,Whisker Tracking,0.20,8.00,75,600.00,51611
723,,\N,093205,03-27-2009,ChaCRM,0.37,14.93,75,1119.90,51611
724,,\N,093210,03-27-2009,ChaCRM,0.37,14.93,75,1119.90,51611
725,,\N,093212,03-27-2009,ChaCRM,0.37,14.93,75,1119.90,51611
726,,\N,093021,03-27-2009,Consolidated Reports,0.80,32.00,75,2400.00,51611
727,,\N,093061,03-27-2009,Conference Management,0.05,2.00,75,150.00,51611
728,,\N,093205,03-27-2009,Annotation Database,0.08,3.33,75,249.90,51611
729,,\N,093210,03-27-2009,Annotation Database,0.08,3.33,75,249.90,51611
730,,\N,093212,03-27-2009,Annotation Database,0.08,3.33,75,249.90,51611
731,,\N,093208,03-27-2009,Raveler,4.00,160.00,75,12000.00,51611
732,,\N,093092,03-27-2009,Request-O-Rama,0.03,1.20,75,90.00,51611
733,,\N,093303,03-27-2009,Reiser Panel Control,1.00,40.00,75,3000.00,51611
734,,\N,093021,03-27-2009,Intranet/Wiki,2.55,102.00,75,7650.00,51611
735,,\N,093203,03-27-2009,HMMR 3- Eddy,1.65,66.00,75,4950.00,51611
736,,\N,093204,03-27-2009,Svoboda Lab Projects,0.05,2.00,75,150.00,51611
737,,\N,093204,03-27-2009,ScanImage,0.81,32.50,75,2437.50,51611
738,,\N,093305,03-27-2009,ScanImage,0.81,32.50,75,2437.50,51611
739,,\N,093213,03-27-2009,ScanImage,0.81,32.50,75,2437.50,51611
740,,\N,093211,03-27-2009,ScanImage,0.81,32.50,75,2437.50,51611
741,,\N,093204,03-27-2009,Ephus,0.03,1.33,75,99.90,51611
742,,\N,093211,03-27-2009,Ephus,0.03,1.33,75,99.90,51611
743,,\N,093206,03-27-2009,Ephus,0.03,1.33,75,99.90,51611
744,,\N,093212,03-27-2009,Truman Lab Projects,0.46,18.40,75,1380.00,51611
745,,\N,093305,03-27-2009,Neuroptikon,1.18,47.00,75,3525.00,51611
746,,\N,093208,03-27-2009,Neuroptikon,1.18,47.00,75,3525.00,51611
747,,\N,093205,03-27-2009,Image Management,0.00,0.20,75,15.00,51611
748,,\N,093210,03-27-2009,Image Management,0.00,0.20,75,15.00,51611
749,,\N,093212,03-27-2009,Image Management,0.00,0.20,75,15.00,51611
750,,\N,093215,03-27-2009,Image Management,0.00,0.20,75,15.00,51611
751,,\N,093214,03-27-2009,Researcher Web Site/Lee,0.10,4.00,75,300.00,51611
752,,\N,093307,03-27-2009,Lab Website/Dudman,0.05,2.00,75,150.00,51611
753,,\N,093055,03-27-2009,Servery Menus,1.60,64.00,75,4800.00,51611
754,,\N,093201,03-27-2009,JFTagger,0.45,18.00,75,1350.00,51611
755,JVS003900,\N,093416,03-27-2009,Fly Brain Imaging Optical,3.20,128.00,75,9600.00,51611
756,,\N,093216,03-27-2009,OMG,1.05,42.00,75,3150.00,51611
757,,\N,093061,03-27-2009,DIADEM,0.50,20.00,75,1500.00,51611
758,,\N,093213,03-27-2009,Mystery Science Dragonfly Theater,0.68,27.00,75,2025.00,51611
759,,\N,093305,03-27-2009,Mystery Science Dragonfly Theater,0.68,27.00,75,2025.00,51611
760,,\N,093055,03-27-2009,Poster/Flyer Design - Campus Services,0.10,4.00,75,300.00,51611
761,,\N,093205,03-27-2009,Virtual Feather,0.15,6.00,75,450.00,51611
762,,\N,093021,03-27-2009,Offboarding,0.15,6.00,75,450.00,51611
763,,\N,093215,03-27-2009,Mtrax/Baker,0.10,4.00,75,300.00,51611
764,,\N,093205,03-27-2009,Annotation Data Web Service,1.15,46.00,75,3450.00,51611
765,,\N,093302,03-27-2009,Burrowing Analysis,0.80,32.00,75,2400.00,51611
766,,\N,093204,03-27-2009,Whisker Tracking,0.45,18.00,75,1350.00,51611
767,,\N,093217,03-27-2009,Transmogrifier/T. Lee,0.05,2.00,75,150.00,51611
768,,\N,093010,03-27-2009,Org Charts,0.05,2.00,75,150.00,51611
769,,\N,093205,03-27-2009,Transmogrifier/Rubin,0.10,4.00,75,300.00,51611
770,,\N,093306,03-27-2009,Odorant Database,0.80,32.00,75,2400.00,51611
771,JVS000901,\N,093418,03-27-2009,Qtrax,0.40,16.00,75,1200.00,51611
772,,\N,093215,03-27-2009,Lifesong,0.20,8.00,75,600.00,51611
773,,\N,093201,03-27-2009,Myers Lab Projects,0.05,2.00,75,150.00,51611
774,,\N,093205,04-24-2009,ChaCRM,0.07,2.67,75,200.10,51611
775,,\N,093210,04-24-2009,ChaCRM,0.07,2.67,75,200.10,51611
776,,\N,093212,04-24-2009,ChaCRM,0.07,2.67,75,200.10,51611
777,,\N,093021,04-24-2009,Consolidated Reports,0.75,30.00,75,2250.00,51611
778,,\N,093182,04-24-2009,Conference Management,0.15,6.00,75,450.00,51611
779,,\N,093205,04-24-2009,Annotation Database,0.10,4.00,75,300.00,51611
780,,\N,093210,04-24-2009,Annotation Database,0.10,4.00,75,300.00,51611
781,,\N,093212,04-24-2009,Annotation Database,0.10,4.00,75,300.00,51611
782,,\N,093208,04-24-2009,Raveler,2.77,110.80,75,8310.00,51611
783,,\N,093092,04-24-2009,Request-O-Rama,0.35,14.00,75,1050.00,51611
784,,\N,093303,04-24-2009,Reiser Panel Control,1.85,74.00,75,5550.00,51611
785,,\N,093021,04-24-2009,Intranet/Wiki,1.60,64.00,75,4800.00,51611
786,,\N,093203,04-24-2009,HMMR 3- Eddy,0.22,9.00,75,675.00,51611
787,,\N,093204,04-24-2009,ScanImage,0.90,36.00,75,2700.00,51611
788,,\N,093305,04-24-2009,ScanImage,0.90,36.00,75,2700.00,51611
789,,\N,093204,04-24-2009,Ephus,0.03,1.33,75,99.90,51611
790,,\N,093211,04-24-2009,Ephus,0.03,1.33,75,99.90,51611
791,,\N,093206,04-24-2009,Ephus,0.03,1.33,75,99.90,51611
792,,\N,093212,04-24-2009,Image Mgmt/Truman,0.10,4.00,75,300.00,51611
793,,\N,093305,04-24-2009,Neuroptikon,1.21,48.50,75,3637.50,51611
794,,\N,093208,04-24-2009,Neuroptikon,1.21,48.50,75,3637.50,51611
795,,\N,093210,04-24-2009,Grooming/Behavioral Database,0.05,2.00,75,150.00,51611
796,,\N,093055,04-24-2009,Servery Menus,0.95,38.00,75,2850.00,51611
797,,\N,093201,04-24-2009,JFTagger,1.00,40.00,75,3000.00,51611
798,,\N,093215,04-24-2009,Image Management/Baker,0.55,22.00,75,1650.00,51611
799,JVS003900,\N,093416,04-24-2009,Fly Brain Imaging Optical,4.85,194.00,75,14550.00,51611
800,JVS002900,\N,093417,04-24-2009,Fly Brain Imaging EM,0.10,4.00,75,300.00,51611
801,,\N,093307,04-24-2009,Janelia Sleuth/Log Search Tool,0.95,38.00,75,2850.00,51611
802,,\N,093216,04-24-2009,OMG,0.95,38.00,75,2850.00,51611
803,,\N,093182,04-24-2009,DIADEM,1.58,63.20,75,4740.00,51611
804,,\N,093213,04-24-2009,Mystery Science Dragonfly Theater,0.28,11.00,75,825.00,51611
805,,\N,093305,04-24-2009,Mystery Science Dragonfly Theater,0.28,11.00,75,825.00,51611
806,,\N,093021,04-24-2009,Offboarding,0.20,8.00,75,600.00,51611
807,,\N,093215,04-24-2009,Mtrax/Baker,0.15,6.00,75,450.00,51611
808,,\N,093302,04-24-2009,Burrowing Analysis,1.40,56.00,75,4200.00,51611
809,,\N,093204,04-24-2009,Whisker Tracking,1.65,66.00,75,4950.00,51611
810,,\N,093306,04-24-2009,Odorant Database,-0.80,-32.00,75,-2400.00,51611
811,,\N,093215,04-24-2009,Lifesong,0.25,10.00,75,750.00,51611
812,,\N,093061,04-24-2009,Conf Mgmt Refund (moved to 093182),-0.05,-2.00,75,-150.00,51611
813,,\N,093215,04-24-2009,Transmogrifier/Baker,0.05,2.00,75,150.00,51611
814,,\N,093071,04-24-2009,Conference Management - EH&S,0.15,6.00,75,450.00,51611
815,,\N,093209,04-24-2009,Looger Lab Projects,0.05,2.00,75,150.00,51611
816,,\N,093204,04-24-2009,Resonant Galvo,0.50,20.00,75,1500.00,51611
817,JVS000901,\N,093418,04-24-2009,Qtrax,0.05,2.00,75,150.00,51611
818,,\N,093304,04-24-2009,Transmogrifier/Kerr,0.10,4.00,75,300.00,51611
819,,\N,093307,04-24-2009,MultiClamp Telegraph,2.30,92.00,75,6900.00,51611
820,,\N,093061,04-24-2009,Diadem refund (moved to 093182),-0.50,-20.00,75,-1500.00,51611
821,,\N,093205,05-29-2009,ChaCRM,0.13,5.33,75,399.90,51611
822,,\N,093210,05-29-2009,ChaCRM,0.13,5.33,75,399.90,51611
823,,\N,093212,05-29-2009,ChaCRM,0.13,5.33,75,399.90,51611
824,,\N,093021,05-29-2009,Consolidated Reports,1.15,46.00,75,3450.00,51611
825,,\N,093182,05-29-2009,Conference Management,0.28,11.20,75,840.00,51611
826,,\N,093208,05-29-2009,Raveler,3.45,138.00,75,10350.00,51611
827,,\N,093092,05-29-2009,Request-O-Rama,1.30,52.00,75,3900.00,51611
828,,\N,093303,05-29-2009,Reiser Panel Control,1.05,42.00,75,3150.00,51611
829,,\N,093303,05-29-2009,Mtrax,0.08,3.00,75,225.00,51611
830,,\N,093215,05-29-2009,Mtrax,0.08,3.00,75,225.00,51611
831,,\N,093021,05-29-2009,Intranet/Wiki,5.57,222.80,75,16710.00,51611
832,,\N,093203,05-29-2009,HMMR 3- Eddy,0.88,35.20,75,2640.00,51611
833,,\N,093204,05-29-2009,ScanImage,1.26,50.60,75,3795.00,51611
834,,\N,093305,05-29-2009,ScanImage,1.26,50.60,75,3795.00,51611
835,,\N,093204,05-29-2009,Ephus,0.29,11.73,75,879.90,51611
836,,\N,093211,05-29-2009,Ephus,0.29,11.73,75,879.90,51611
837,,\N,093206,05-29-2009,Ephus,0.29,11.73,75,879.90,51611
838,,\N,093205,05-29-2009,Apollo,0.05,2.00,75,150.00,51611
839,,\N,093305,05-29-2009,Neuroptikon,1.84,73.80,75,5535.00,51611
840,,\N,093208,05-29-2009,Neuroptikon,1.84,73.80,75,5535.00,51611
841,,\N,093205,05-29-2009,Image Management,0.02,0.80,75,60.00,51611
842,,\N,093210,05-29-2009,Image Management,0.02,0.80,75,60.00,51611
843,,\N,093212,05-29-2009,Image Management,0.02,0.80,75,60.00,51611
844,,\N,093215,05-29-2009,Image Management,0.02,0.80,75,60.00,51611
845,,\N,093217,05-29-2009,Image Management,0.02,0.80,75,60.00,51611
846,,\N,093201,05-29-2009,JFTagger,0.63,25.20,75,1890.00,51611
847,JVS003900,\N,093416,05-29-2009,Fly Brain Imaging Optical,3.10,124.00,75,9300.00,51611
848,,\N,093307,05-29-2009,Janelia Sleuth/Log Search Tool,0.07,2.80,75,210.00,51611
849,,\N,093216,05-29-2009,OMG,1.90,76.00,75,5700.00,51611
850,,\N,093182,05-29-2009,DIADEM,0.05,2.00,75,150.00,51611
851,,\N,093213,05-29-2009,Mystery Science Dragonfly Theater,0.35,14.00,75,1050.00,51611
852,,\N,093305,05-29-2009,Mystery Science Dragonfly Theater,0.35,14.00,75,1050.00,51611
853,,\N,093302,05-29-2009,Burrowing Analysis,0.30,12.00,75,900.00,51611
854,,\N,093204,05-29-2009,Whisker Tracking,0.25,10.00,75,750.00,51611
855,,\N,093215,05-29-2009,Lifesong,0.33,13.20,75,990.00,51611
856,,\N,093209,05-29-2009,Looger Lab Projects,0.05,2.00,75,150.00,51611
857,,\N,093204,05-29-2009,Resonant Galvo,0.45,18.00,75,1350.00,51611
858,JVS000901,\N,093400,05-29-2009,Qtrax,2.53,101.20,75,7590.00,51611
859,,\N,093304,05-29-2009,Transmogrifier/Kerr,1.22,48.80,75,3660.00,51611
860,,\N,093307,05-29-2009,MultiClamp Telegraph,0.05,2.00,75,150.00,51611
861,,\N,093309,05-29-2009,Brain Aligner Imagery,0.50,20.00,75,1500.00,51611
862,,\N,093092,05-29-2009,Sequencing results reporting,0.90,36.00,75,2700.00,51611
863,,\N,093210,05-29-2009,iPCR,0.60,24.00,75,1800.00,51611
864,,\N,093205,06-28-2009,ChaCRM,0.25,10.00,75,750.00,51611
865,,\N,093210,06-28-2009,ChaCRM,0.25,10.00,75,750.00,51611
866,,\N,093212,06-28-2009,ChaCRM,0.25,10.00,75,750.00,51611
867,,\N,093021,06-28-2009,Consolidated Reports,0.50,20.00,75,1500.00,51611
868,,\N,093182,06-28-2009,Conference Management,0.17,6.80,75,510.00,51611
869,,\N,093208,06-28-2009,Raveler,2.00,80.00,75,6000.00,51611
870,,\N,093303,06-28-2009,Reiser Panel Control,0.65,26.00,75,1950.00,51611
871,,\N,093303,06-28-2009,Mtrax,0.05,2.00,75,150.00,51611
872,,\N,093215,06-28-2009,Mtrax,0.05,2.00,75,150.00,51611
873,,\N,093021,06-28-2009,Intranet/Wiki,5.03,201.20,75,15090.00,51611
874,,\N,093203,06-28-2009,HMMR 3- Eddy,1.58,63.20,75,4740.00,51611
875,,\N,093204,06-28-2009,ScanImage,0.62,25.00,75,1875.00,51611
876,,\N,093305,06-28-2009,ScanImage,0.62,25.00,75,1875.00,51611
877,,\N,093204,06-28-2009,Ephus,0.08,3.33,75,249.90,51611
878,,\N,093211,06-28-2009,Ephus,0.08,3.33,75,249.90,51611
879,,\N,093206,06-28-2009,Ephus,0.08,3.33,75,249.90,51611
880,,\N,093205,06-28-2009,Rubin Lab Projects,0.05,2.00,75,150.00,51611
881,,\N,093212,06-28-2009,Image Mgmt/Truman,0.25,10.00,75,750.00,51611
882,,\N,093305,06-28-2009,Neuroptikon,1.54,61.60,75,4620.00,51611
883,,\N,093208,06-28-2009,Neuroptikon,1.54,61.60,75,4620.00,51611
884,,\N,093210,06-28-2009,Grooming/Behavioral Database,0.05,2.00,75,150.00,51611
885,,\N,093201,06-28-2009,JFTagger,0.45,18.00,75,1350.00,51611
886,JVS003900,\N,093416,06-28-2009,Fly Brain Imaging Optical,3.40,136.00,75,10200.00,51611
887,,\N,093216,06-28-2009,OMG,0.80,32.00,75,2400.00,51611
888,,\N,093182,06-28-2009,DIADEM,0.03,1.20,75,90.00,51611
889,,\N,093213,06-28-2009,Mystery Science Dragonfly Theater,0.35,14.00,75,1050.00,51611
890,,\N,093305,06-28-2009,Mystery Science Dragonfly Theater,0.35,14.00,75,1050.00,51611
891,JVS002800,\N,093418,06-28-2009,Fly Olympiad,0.65,26.00,75,1950.00,51611
892,,\N,093205,06-28-2009,CRM Mapper,0.50,20.00,75,1500.00,51611
893,,\N,093215,06-28-2009,Lifesong,0.03,1.20,75,90.00,51611
894,JVS000901,\N,093400,06-28-2009,Qtrax,1.35,54.00,75,4050.00,51611
895,,\N,093304,06-28-2009,Transmogrifier/Kerr,0.30,12.00,75,900.00,51611
896,,\N,093092,06-28-2009,Sequencing results reporting,0.04,1.60,75,120.00,51611
897,,\N,093210,06-28-2009,iPCR,0.28,11.20,75,840.00,51611
898,,\N,093303,06-28-2009,Ctrax,1.65,66.00,75,4950.00,51611
899,,\N,093212,06-28-2009,L3 Annotation,0.25,10.00,75,750.00,51611
900,,\N,093217,06-28-2009,Image Management/Lee,0.05,2.00,75,150.00,51611
901,,\N,093205,07-24-2009,ChaCRM,0.34,13.60,75,1020.00,51611
902,,\N,093210,07-24-2009,ChaCRM,0.34,13.60,75,1020.00,51611
903,,\N,093212,07-24-2009,ChaCRM,0.34,13.60,75,1020.00,51611
904,,\N,093021,07-24-2009,Consolidated Reports,1.20,48.00,75,3600.00,51611
905,,\N,093208,07-24-2009,Raveler,3.10,124.00,75,9300.00,51611
906,,\N,093303,07-24-2009,Reiser Panel Control,2.00,80.00,75,6000.00,51611
907,,\N,093303,07-24-2009,Mtrax,-0.05,-2.00,75,-150.00,51611
908,,\N,093215,07-24-2009,Mtrax,-0.05,-2.00,75,-150.00,51611
909,,\N,093021,07-24-2009,Intranet/Wiki,1.99,79.60,75,5970.00,51611
910,,\N,093203,07-24-2009,HMMR 3- Eddy,1.55,62.00,75,4650.00,51611
911,,\N,093204,07-24-2009,ScanImage,0.48,19.00,75,1425.00,51611
912,,\N,093305,07-24-2009,ScanImage,0.48,19.00,75,1425.00,51611
913,,\N,093204,07-24-2009,Ephus,0.08,3.33,75,249.90,51611
914,,\N,093211,07-24-2009,Ephus,0.08,3.33,75,249.90,51611
915,,\N,093206,07-24-2009,Ephus,0.08,3.33,75,249.90,51611
916,,\N,093305,07-24-2009,Neuroptikon,1.57,62.80,75,4710.00,51611
917,,\N,093208,07-24-2009,Neuroptikon,1.57,62.80,75,4710.00,51611
918,,\N,093213,07-24-2009,Leonardo Lab Projects,0.05,2.00,75,150.00,51611
919,JVS003900,\N,093416,07-24-2009,Fly Brain Imaging Optical,2.79,111.60,75,8370.00,51611
920,,\N,093216,07-24-2009,OMG,0.30,12.00,75,900.00,51611
921,,\N,093213,07-24-2009,Mystery Science Dragonfly Theater,0.55,22.00,75,1650.00,51611
922,,\N,093305,07-24-2009,Mystery Science Dragonfly Theater,0.55,22.00,75,1650.00,51611
923,,\N,093303,07-24-2009,Mystery Science Dragonfly Theater,0.55,22.00,75,1650.00,51611
924,,\N,093209,07-24-2009,Two Photon Spectroscopy,0.15,6.00,75,450.00,51611
925,,\N,093310,07-24-2009,Two Photon Spectroscopy,0.15,6.00,75,450.00,51611
926,,\N,093298,07-24-2009,Two Photon Spectroscopy,0.15,6.00,75,450.00,51611
927,JVS002800,\N,093418,07-24-2009,Fly Olympiad,2.90,116.00,75,8700.00,51611
928,,\N,093204,07-24-2009,Whisker Tracking,0.05,2.00,75,150.00,51611
929,JVS000901,\N,093418,07-24-2009,Qtrax,0.98,39.20,75,2940.00,51611
930,,\N,093309,07-24-2009,Brain Aligner Imagery,0.10,4.00,75,300.00,51611
931,,\N,093303,07-24-2009,Ctrax,-1.65,-66.00,75,-4950.00,51611
932,,\N,093309,07-24-2009,Registration,0.10,4.00,75,300.00,51611
933,,\N,093206,07-24-2009,Lab Website/Sternson,0.10,4.00,75,300.00,51611
934,,\N,093211,07-24-2009,Electrophysiology,0.25,10.00,75,750.00,51611
935,,\N,093077,07-24-2009,Intranet/Wiki Lab Support Services,2.08,83.20,75,6240.00,51611
936,,\N,093205,08-27-2009,ChaCRM,0.25,10.00,75,750.00,51611
937,,\N,093210,08-27-2009,ChaCRM,0.25,10.00,75,750.00,51611
938,,\N,093212,08-27-2009,ChaCRM,0.25,10.00,75,750.00,51611
939,,\N,093021,08-27-2009,Consolidated Reports,1.75,70.00,75,5250.00,51611
940,,\N,093182,08-27-2009,Conference Management,0.20,8.00,75,600.00,51611
941,,\N,093208,08-27-2009,Raveler,4.20,168.00,75,12600.00,51611
942,,\N,093092,08-27-2009,Request-O-Rama,0.05,2.00,75,150.00,51611
943,,\N,093021,08-27-2009,Intranet/Wiki,2.10,84.00,75,6300.00,51611
944,,\N,093203,08-27-2009,HMMR 3- Eddy,0.30,12.00,75,900.00,51611
945,,\N,093204,08-27-2009,ScanImage,0.29,11.60,75,870.00,51611
946,,\N,093305,08-27-2009,ScanImage,0.29,11.60,75,870.00,51611
947,,\N,093204,08-27-2009,Ephus,0.01,0.40,75,30.00,51611
948,,\N,093211,08-27-2009,Ephus,0.01,0.40,75,30.00,51611
949,,\N,093206,08-27-2009,Ephus,0.01,0.40,75,30.00,51611
950,,\N,093305,08-27-2009,Neuroptikon,1.52,61.00,75,4575.00,51611
951,,\N,093208,08-27-2009,Neuroptikon,1.52,61.00,75,4575.00,51611
952,,\N,093210,08-27-2009,Grooming/Behavioral Database,0.02,0.80,75,60.00,51611
953,,\N,093306,08-27-2009,Neuralynx,0.15,6.00,75,450.00,51611
954,,\N,093201,08-27-2009,JFTagger,0.60,24.00,75,1800.00,51611
955,JVS003900,\N,093416,08-27-2009,Fly Brain Imaging Optical,7.27,290.80,75,21810.00,51611
956,JVS002900,\N,093417,08-27-2009,Fly Brain Imaging EM,0.60,24.00,75,1800.00,51611
957,,\N,093216,08-27-2009,OMG,2.40,96.00,75,7200.00,51611
958,,\N,093213,08-27-2009,Mystery Science Dragonfly Theater,0.35,14.00,75,1050.00,51611
959,,\N,093305,08-27-2009,Mystery Science Dragonfly Theater,0.35,14.00,75,1050.00,51611
960,,\N,093303,08-27-2009,Mystery Science Dragonfly Theater,0.35,14.00,75,1050.00,51611
961,,\N,093209,08-27-2009,Two Photon Spectroscopy,0.12,4.67,75,350.10,51611
962,,\N,093310,08-27-2009,Two Photon Spectroscopy,0.12,4.67,75,350.10,51611
963,,\N,093298,08-27-2009,Two Photon Spectroscopy,0.12,4.67,75,350.10,51611
964,JVS002800,\N,093418,08-27-2009,Fly Olympiad,0.83,33.20,75,2490.00,51611
965,,\N,093205,08-27-2009,Annotation Data Web Service,1.20,48.00,75,3600.00,51611
966,JVS000901,\N,093418,08-27-2009,Qtrax,1.45,58.00,75,4350.00,51611
967,,\N,093307,08-27-2009,MultiClamp Telegraph,0.10,4.00,75,300.00,51611
968,,\N,093092,08-27-2009,Sequencing results reporting,0.03,1.20,75,90.00,51611
969,,\N,093211,08-27-2009,Electrophysiology,0.80,32.00,75,2400.00,51611
970,,\N,093077,08-27-2009,Intranet/Wiki Lab Support Services,1.00,40.00,75,3000.00,51611
971,,\N,093215,08-27-2009,IR Gate Crossing,0.10,4.00,75,300.00,51611
972,,\N,093205,08-27-2009,Mann Lab Disc Imagery,0.20,8.00,75,600.00,51611
973,,\N,093021,08-27-2009,Blackboard Upgrade,2.15,86.00,75,6450.00,51611
