ID,Project,Department name,Department code,Close date,Subject,Units,Rate,Cost,Account
1,,eddy,093203,10-01-2006,Primary storage (TB),2.0,624,1248.00,51610
2,,eddy,093203,11-01-2006,Primary storage (TB),2.0,624,1248.00,51610
3,,betzig,093202,11-01-2006,Primary storage (TB),1.0,624,624.00,51610
4,,eddy,093203,12-01-2006,Primary storage (TB),2.0,624,1248.00,51610
5,,betzig,093202,12-01-2006,Primary storage (TB),1.0,624,624.00,51610
6,,eddy,093203,01-01-2007,Primary storage (TB),2.0,624,1248.00,51610
7,,betzig,093202,01-01-2007,Primary storage (TB),1.0,624,624.00,51610
8,,eddy,093203,02-01-2007,Primary storage (TB),2.0,624,1248.00,51610
9,,betzig,093202,02-01-2007,Primary storage (TB),1.0,624,624.00,51610
10,,eddy,093203,03-01-2007,Primary storage (TB),2.0,624,1248.00,51610
11,,betzig,093202,03-01-2007,Primary storage (TB),1.0,624,624.00,51610
12,,eddy,093203,04-01-2007,Primary storage (TB),2.0,624,1248.00,51610
13,,betzig,093202,04-01-2007,Primary storage (TB),1.0,624,624.00,51610
14,,eddy,093203,05-01-2007,Primary storage (TB),2.0,624,1248.00,51610
15,,betzig,093202,05-01-2007,Primary storage (TB),1.0,624,624.00,51610
16,,rubin,093205,05-01-2007,Primary storage (TB),1.0,624,624.00,51610
17,,eddy,093203,06-01-2007,Primary storage (TB),2.0,624,1248.00,51610
18,,betzig,093202,06-01-2007,Primary storage (TB),1.0,624,624.00,51610
19,,rubin,093205,06-01-2007,Primary storage (TB),1.0,624,624.00,51610
20,,myers,093201,06-01-2007,Primary storage (TB),1.0,624,624.00,51610
21,,eddy,093203,07-01-2007,Primary storage (TB),2.0,624,1248.00,51610
22,,betzig,093202,07-01-2007,Primary storage (TB),1.0,624,624.00,51610
23,,rubin,093205,07-01-2007,Primary storage (TB),1.0,624,624.00,51610
24,,myers,093201,07-01-2007,Primary storage (TB),1.0,624,624.00,51610
25,,eddy,093203,08-01-2007,Primary storage (TB),2.0,624,1248.00,51610
26,,betzig,093202,08-01-2007,Primary storage (TB),1.0,624,624.00,51610
27,,rubin,093205,08-01-2007,Primary storage (TB),1.0,624,624.00,51610
28,,myers,093201,08-01-2007,Primary storage (TB),1.0,624,624.00,51610
29,,eddy,093203,09-01-2007,Primary storage (TB),2.0,624,1248.00,51610
30,,betzig,093202,09-01-2007,Primary storage (TB),3.0,624,1872.00,51610
31,,rubin,093205,09-01-2007,Primary storage (TB),4.0,624,2496.00,51610
32,,svoboda,093204,09-01-2007,Primary storage (TB),1.0,624,624.00,51610
33,,myers,093201,09-01-2007,Primary storage (TB),1.0,624,624.00,51610
34,,simpson,093210,09-01-2007,Primary storage (TB),1.0,624,624.00,51610
35,,harris,093298,09-01-2007,Primary storage (TB),1.0,624,624.00,51610
36,,eddy,093203,10-01-2007,Primary storage (TB),2.0,624,1248.00,51610
37,,betzig,093202,10-01-2007,Primary storage (TB),3.0,624,1872.00,51610
38,,rubin,093205,10-01-2007,Primary storage (TB),4.0,624,2496.00,51610
39,,svoboda,093204,10-01-2007,Primary storage (TB),1.0,624,624.00,51610
40,,myers,093201,10-01-2007,Primary storage (TB),1.0,624,624.00,51610
41,,simpson,093210,10-01-2007,Primary storage (TB),1.0,624,624.00,51610
42,,harris,093298,10-01-2007,Primary storage (TB),1.0,624,624.00,51610
43,,eddy,093203,11-01-2007,Primary storage (TB),2.0,624,1248.00,51610
44,,betzig,093202,11-01-2007,Primary storage (TB),5.0,624,3120.00,51610
45,,rubin,093205,11-01-2007,Primary storage (TB),4.0,624,2496.00,51610
46,,svoboda,093204,11-01-2007,Primary storage (TB),1.0,624,624.00,51610
47,,myers,093201,11-01-2007,Primary storage (TB),1.0,624,624.00,51610
48,,simpson,093210,11-01-2007,Primary storage (TB),1.0,624,624.00,51610
49,,harris,093298,11-01-2007,Primary storage (TB),1.0,624,624.00,51610
50,,peng,093309,11-01-2007,Primary storage (TB),1.0,624,624.00,51610
51,,eddy,093203,12-01-2007,Primary storage (TB),2.0,624,1248.00,51610
52,,betzig,093202,12-01-2007,Primary storage (TB),5.0,624,3120.00,51610
53,,rubin,093205,12-01-2007,Primary storage (TB),4.0,624,2496.00,51610
54,,svoboda,093204,12-01-2007,Primary storage (TB),1.0,624,624.00,51610
55,,myers,093201,12-01-2007,Primary storage (TB),1.0,624,624.00,51610
56,,simpson,093210,12-01-2007,Primary storage (TB),1.0,624,624.00,51610
57,,harris,093298,12-01-2007,Primary storage (TB),1.0,624,624.00,51610
58,,peng,093309,12-01-2007,Primary storage (TB),1.0,624,624.00,51610
59,,eddy,093203,01-01-2008,Primary storage (TB),2.0,624,1248.00,51610
60,,betzig,093202,01-01-2008,Primary storage (TB),5.0,624,3120.00,51610
61,,rubin,093205,01-01-2008,Primary storage (TB),4.0,624,2496.00,51610
62,,svoboda,093204,01-01-2008,Primary storage (TB),1.0,624,624.00,51610
63,,myers,093201,01-01-2008,Primary storage (TB),1.0,624,624.00,51610
64,,simpson,093210,01-01-2008,Primary storage (TB),1.0,624,624.00,51610
65,,harris,093298,01-01-2008,Primary storage (TB),3.0,624,1872.00,51610
66,,peng,093309,01-01-2008,Primary storage (TB),1.0,624,624.00,51610
67,,eddy,093203,02-01-2008,Direct Attached storage (TB),1.2,1850,2220.00,51610
68,,eddy,093203,02-01-2008,Secondary storage (TB),2.0,180,360.00,51610
69,,eddy,093203,02-01-2008,Servers,16.0,50,800.00,51615
70,,myers,093201,02-01-2008,Primary storage (TB),1.0,624,624.00,51610
71,,myers,093201,02-01-2008,Servers,1.0,50,50.00,51615
72,,betzig,093202,02-01-2008,Primary storage (TB),5.0,624,3120.00,51610
73,,karpova,093211,02-01-2008,Primary storage (TB),1.0,624,624.00,51610
74,,harris,093298,02-01-2008,Primary storage (TB),3.0,624,1872.00,51610
75,,harris,093298,02-01-2008,Servers,1.0,50,50.00,51615
76,,sternson,093206,02-01-2008,Servers,1.0,50,50.00,51615
77,,looger,093209,02-01-2008,Servers,1.0,50,50.00,51615
78,,simpson,093210,02-01-2008,Primary storage (TB),2.0,624,1248.00,51610
79,,simpson,093210,02-01-2008,Servers,1.0,50,50.00,51615
80,,truman,093212,02-01-2008,Primary storage (TB),1.0,624,624.00,51610
81,,rubin,093205,02-01-2008,Primary storage (TB),5.5,624,3432.00,51610
82,,rubin,093205,02-01-2008,Secondary storage (TB),1.0,180,180.00,51610
83,,rubin,093205,02-01-2008,Servers,1.0,50,50.00,51615
84,,peng,093309,02-01-2008,Primary storage (TB),1.0,624,624.00,51610
85,,peng,093309,02-01-2008,Servers,1.0,50,50.00,51615
86,,svoboda,093204,02-01-2008,Primary storage (TB),1.0,624,624.00,51610
87,,svoboda,093204,02-01-2008,Servers,1.0,50,50.00,51615
88,,eddy,093203,03-01-2008,Direct Attached storage (TB),1.2,1850,2220.00,51610
89,,eddy,093203,03-01-2008,Secondary storage (TB),2.0,180,360.00,51610
90,,eddy,093203,03-01-2008,Servers,16.0,50,800.00,51615
91,,myers,093201,03-01-2008,Primary storage (TB),1.0,624,624.00,51610
92,,myers,093201,03-01-2008,Servers,1.0,50,50.00,51615
93,,betzig,093202,03-01-2008,Primary storage (TB),3.0,624,1872.00,51610
94,,betzig,093202,03-01-2008,Secondary storage (TB),1.0,180,180.00,51610
95,,karpova,093211,03-01-2008,Primary storage (TB),1.0,624,624.00,51610
96,,harris,093298,03-01-2008,Primary storage (TB),4.0,624,2496.00,51610
97,,harris,093298,03-01-2008,Servers,1.0,50,50.00,51615
98,,sternson,093206,03-01-2008,Servers,1.0,50,50.00,51615
99,,looger,093209,03-01-2008,Servers,1.0,50,50.00,51615
100,,simpson,093210,03-01-2008,Secondary storage (TB),8.0,180,1440.00,51610
101,,simpson,093210,03-01-2008,Servers,1.0,50,50.00,51615
102,,truman,093212,03-01-2008,Primary storage (TB),1.0,624,624.00,51610
103,,truman,093212,03-01-2008,Servers,1.0,50,50.00,51615
104,,rubin,093205,03-01-2008,Primary storage (TB),6.5,624,4056.00,51610
105,,rubin,093205,03-01-2008,Secondary storage (TB),1.0,180,180.00,51610
106,,rubin,093205,03-01-2008,Servers,3.0,50,150.00,51615
107,,peng,093309,03-01-2008,Primary storage (TB),2.0,624,1248.00,51610
108,,peng,093309,03-01-2008,Secondary storage (TB),2.0,180,360.00,51610
109,,peng,093309,03-01-2008,Servers,1.0,50,50.00,51615
110,,svoboda,093204,03-01-2008,Primary storage (TB),1.0,624,624.00,51610
111,,svoboda,093204,03-01-2008,Servers,1.0,50,50.00,51615
112,,eddy,093203,04-01-2008,Direct Attached storage (TB),0.6,1850,1110.00,51610
113,,eddy,093203,04-01-2008,Primary storage (TB),0.5,624,312.00,51610
114,,eddy,093203,04-01-2008,Secondary storage (TB),1.6,180,288.00,51610
115,,eddy,093203,04-01-2008,Servers,18.0,50,900.00,51615
116,,myers,093201,04-01-2008,Primary storage (TB),1.0,624,624.00,51610
117,,myers,093201,04-01-2008,Servers,1.0,50,50.00,51615
118,,betzig,093202,04-01-2008,Primary storage (TB),3.0,624,1872.00,51610
119,,betzig,093202,04-01-2008,Secondary storage (TB),1.0,180,180.00,51610
120,,karpova,093211,04-01-2008,Primary storage (TB),1.0,624,624.00,51610
121,,harris,093298,04-01-2008,Primary storage (TB),2.5,624,1560.00,51610
122,,harris,093298,04-01-2008,Secondary storage (TB),1.0,180,180.00,51610
123,,harris,093298,04-01-2008,Servers,1.0,50,50.00,51615
124,,sternson,093206,04-01-2008,Servers,1.0,50,50.00,51615
125,,looger,093209,04-01-2008,Servers,1.0,50,50.00,51615
126,,simpson,093210,04-01-2008,Secondary storage (TB),8.0,180,1440.00,51610
127,,simpson,093210,04-01-2008,Servers,1.0,50,50.00,51615
128,,truman,093212,04-01-2008,Primary storage (TB),1.5,624,936.00,51610
129,,truman,093212,04-01-2008,Servers,1.0,50,50.00,51615
130,,rubin,093205,04-01-2008,Primary storage (TB),7.5,624,4680.00,51610
131,,rubin,093205,04-01-2008,Secondary storage (TB),1.0,180,180.00,51610
132,,rubin,093205,04-01-2008,Servers,3.0,50,150.00,51615
133,,peng,093309,04-01-2008,Primary storage (TB),2.0,624,1248.00,51610
134,,peng,093309,04-01-2008,Secondary storage (TB),2.0,180,360.00,51610
135,,peng,093309,04-01-2008,Servers,1.0,50,50.00,51615
136,,svoboda,093204,04-01-2008,Primary storage (TB),1.5,624,936.00,51610
137,,svoboda,093204,04-01-2008,Servers,1.0,50,50.00,51615
138,,eddy,093203,05-01-2008,Direct Attached storage (TB),0.6,1850,1110.00,51610
139,,eddy,093203,05-01-2008,Primary storage (TB),0.5,624,312.00,51610
140,,eddy,093203,05-01-2008,Secondary storage (TB),1.6,180,288.00,51610
141,,eddy,093203,05-01-2008,Servers,18.0,50,900.00,51615
142,,myers,093201,05-01-2008,Primary storage (TB),1.0,624,624.00,51610
143,,myers,093201,05-01-2008,Servers,1.0,50,50.00,51615
144,,betzig,093202,05-01-2008,Primary storage (TB),3.0,624,1872.00,51610
145,,betzig,093202,05-01-2008,Secondary storage (TB),1.0,180,180.00,51610
146,,karpova,093211,05-01-2008,Primary storage (TB),1.0,624,624.00,51610
147,,harris,093298,05-01-2008,Primary storage (TB),3.0,624,1872.00,51610
148,,harris,093298,05-01-2008,Secondary storage (TB),2.0,180,360.00,51610
149,,harris,093298,05-01-2008,Servers,1.0,50,50.00,51615
150,,sternson,093206,05-01-2008,Servers,1.0,50,50.00,51615
151,,looger,093209,05-01-2008,Servers,1.0,50,50.00,51615
152,,simpson,093210,05-01-2008,Secondary storage (TB),8.0,180,1440.00,51610
153,,simpson,093210,05-01-2008,Servers,1.0,50,50.00,51615
154,,truman,093212,05-01-2008,Primary storage (TB),2.0,624,1248.00,51610
155,,truman,093212,05-01-2008,Servers,1.0,50,50.00,51615
156,,rubin,093205,05-01-2008,Primary storage (TB),7.5,624,4680.00,51610
157,,rubin,093205,05-01-2008,Secondary storage (TB),1.0,180,180.00,51610
158,,rubin,093205,05-01-2008,Servers,3.0,50,150.00,51615
159,,peng,093309,05-01-2008,Primary storage (TB),2.0,624,1248.00,51610
160,,peng,093309,05-01-2008,Secondary storage (TB),2.0,180,360.00,51610
161,,peng,093309,05-01-2008,Servers,1.0,50,50.00,51615
162,,svoboda,093204,05-01-2008,Primary storage (TB),2.0,624,1248.00,51610
163,,svoboda,093204,05-01-2008,Servers,1.0,50,50.00,51615
164,,elmicro,093093,05-01-2008,Primary storage (TB),1.0,624,624.00,51610
165,,eddy,093203,06-01-2008,Direct Attached storage (TB),0.6,1850,1110.00,51610
166,,eddy,093203,06-01-2008,Primary storage (TB),0.5,624,312.00,51610
167,,eddy,093203,06-01-2008,Secondary storage (TB),1.6,180,288.00,51610
168,,eddy,093203,06-01-2008,Servers,18.0,50,900.00,51615
169,,myers,093201,06-01-2008,Primary storage (TB),1.0,624,624.00,51610
170,,myers,093201,06-01-2008,Servers,1.0,50,50.00,51615
171,,betzig,093202,06-01-2008,Primary storage (TB),3.5,624,2184.00,51610
172,,betzig,093202,06-01-2008,Secondary storage (TB),1.0,180,180.00,51610
173,,karpova,093211,06-01-2008,Primary storage (TB),1.5,624,936.00,51610
174,,harris,093298,06-01-2008,Primary storage (TB),3.0,624,1872.00,51610
175,,harris,093298,06-01-2008,Secondary storage (TB),4.0,180,720.00,51610
176,,harris,093298,06-01-2008,Servers,1.0,50,50.00,51615
177,,sternson,093206,06-01-2008,Servers,1.0,50,50.00,51615
178,,looger,093209,06-01-2008,Servers,1.0,50,50.00,51615
179,,simpson,093210,06-01-2008,Secondary storage (TB),8.0,180,1440.00,51610
180,,simpson,093210,06-01-2008,Servers,1.0,50,50.00,51615
181,,truman,093212,06-01-2008,Primary storage (TB),3.0,624,1872.00,51610
182,,truman,093212,06-01-2008,Servers,1.0,50,50.00,51615
183,,rubin,093205,06-01-2008,Primary storage (TB),7.5,624,4680.00,51610
184,,rubin,093205,06-01-2008,Secondary storage (TB),1.0,180,180.00,51610
185,,rubin,093205,06-01-2008,Servers,3.0,50,150.00,51615
186,,peng,093309,06-01-2008,Primary storage (TB),2.0,624,1248.00,51610
187,,peng,093309,06-01-2008,Secondary storage (TB),2.0,180,360.00,51610
188,,peng,093309,06-01-2008,Servers,1.0,50,50.00,51615
189,,svoboda,093204,06-01-2008,Primary storage (TB),2.0,624,1248.00,51610
190,,svoboda,093204,06-01-2008,Secondary storage (TB),2.0,180,360.00,51610
191,,svoboda,093204,06-01-2008,Servers,1.0,50,50.00,51615
192,,elmicro,093093,06-01-2008,Primary storage (TB),1.0,624,624.00,51610
193,,betzig,093202,07-01-2008,Primary storage (TB),3.5,624,2184.00,51610
194,,betzig,093202,07-01-2008,Secondary storage (TB),1.0,180,180.00,51610
195,,eddy,093203,07-01-2008,Direct Attached storage (TB),0.6,1850,1110.00,51610
196,,eddy,093203,07-01-2008,Primary storage (TB),0.5,624,312.00,51610
197,,eddy,093203,07-01-2008,Secondary storage (TB),1.6,180,288.00,51610
198,,eddy,093203,07-01-2008,Servers,18.0,50,900.00,51615
199,,elmicro,093093,07-01-2008,Primary storage (TB),1.0,624,624.00,51610
200,,harris,093298,07-01-2008,Primary storage (TB),3.0,624,1872.00,51610
201,,harris,093298,07-01-2008,Secondary storage (TB),4.0,180,720.00,51610
202,,harris,093298,07-01-2008,Servers,1.0,50,50.00,51615
203,,jayaraman,093305,07-01-2008,Primary storage (TB),1.5,624,936.00,51610
204,,karpova,093211,07-01-2008,Primary storage (TB),2.0,624,1248.00,51610
205,,looger,093209,07-01-2008,Primary storage (TB),0.5,624,312.00,51610
206,,looger,093209,07-01-2008,Servers,1.0,50,50.00,51615
207,,myers,093201,07-01-2008,Primary storage (TB),1.0,624,624.00,51610
208,,myers,093201,07-01-2008,Servers,1.0,50,50.00,51615
209,,peng,093309,07-01-2008,Primary storage (TB),2.0,624,1248.00,51610
210,,peng,093309,07-01-2008,Secondary storage (TB),2.0,180,360.00,51610
211,,peng,093309,07-01-2008,Servers,1.0,50,50.00,51615
212,,reiser,093303,07-01-2008,Primary storage (TB),1.0,624,624.00,51610
213,,rubin,093205,07-01-2008,Primary storage (TB),7.5,624,4680.00,51610
214,,rubin,093205,07-01-2008,Secondary storage (TB),1.0,180,180.00,51610
215,,rubin,093205,07-01-2008,Servers,3.0,50,150.00,51615
216,,simpson,093210,07-01-2008,Secondary storage (TB),8.0,180,1440.00,51610
217,,simpson,093210,07-01-2008,Servers,1.0,50,50.00,51615
218,,sternson,093206,07-01-2008,Servers,1.0,50,50.00,51615
219,,svoboda,093204,07-01-2008,Primary storage (TB),2.5,624,1560.00,51610
220,,svoboda,093204,07-01-2008,Secondary storage (TB),2.0,180,360.00,51610
221,,svoboda,093204,07-01-2008,Servers,1.0,50,50.00,51615
222,,truman,093212,07-01-2008,Primary storage (TB),3.0,624,1872.00,51610
223,,truman,093212,07-01-2008,Servers,1.0,50,50.00,51615
224,,baker,093215,08-01-2008,Primary storage (TB),1.0,624,624.00,51610
225,,betzig,093202,08-01-2008,Primary storage (TB),4.0,624,2496.00,51610
226,,betzig,093202,08-01-2008,Secondary storage (TB),1.0,180,180.00,51610
227,,chklovskii,093208,08-01-2008,Primary storage (TB),1.0,624,624.00,51610
228,,eddy,093203,08-01-2008,Direct Attached storage (TB),0.6,1850,1110.00,51610
229,,eddy,093203,08-01-2008,Primary storage (TB),0.5,624,312.00,51610
230,,eddy,093203,08-01-2008,Secondary storage (TB),1.6,180,288.00,51610
231,,eddy,093203,08-01-2008,Servers,18.0,50,900.00,51615
232,,elmicro,093093,08-01-2008,Secondary storage (TB),5.0,180,900.00,51610
233,,harris,093298,08-01-2008,Primary storage (TB),3.0,624,1872.00,51610
234,,harris,093298,08-01-2008,Secondary storage (TB),4.0,180,720.00,51610
235,,harris,093298,08-01-2008,Servers,1.0,50,50.00,51615
236,,instrdesapp,093097,08-01-2008,Secondary storage (TB),5.0,180,900.00,51610
237,,jayaraman,093305,08-01-2008,Primary storage (TB),3.0,624,1872.00,51610
238,,karpova,093211,08-01-2008,Primary storage (TB),3.0,624,1872.00,51610
239,,looger,093209,08-01-2008,Primary storage (TB),0.5,624,312.00,51610
240,,looger,093209,08-01-2008,Servers,1.0,50,50.00,51615
241,,myers,093201,08-01-2008,Primary storage (TB),1.0,624,624.00,51610
242,,myers,093201,08-01-2008,Servers,1.0,50,50.00,51615
243,,peng,093309,08-01-2008,Primary storage (TB),2.0,624,1248.00,51610
244,,peng,093309,08-01-2008,Secondary storage (TB),2.0,180,360.00,51610
245,,peng,093309,08-01-2008,Servers,1.0,50,50.00,51615
246,,reiser,093303,08-01-2008,Primary storage (TB),1.5,624,936.00,51610
247,,rubin,093205,08-01-2008,Primary storage (TB),8.0,624,4992.00,51610
248,,rubin,093205,08-01-2008,Secondary storage (TB),4.0,180,720.00,51610
249,,rubin,093205,08-01-2008,Servers,3.0,50,150.00,51615
250,,simpson,093210,08-01-2008,Secondary storage (TB),8.0,180,1440.00,51610
251,,simpson,093210,08-01-2008,Servers,1.0,50,50.00,51615
252,,sternson,093206,08-01-2008,Servers,1.0,50,50.00,51615
253,,svoboda,093204,08-01-2008,Primary storage (TB),2.5,624,1560.00,51610
254,,svoboda,093204,08-01-2008,Secondary storage (TB),2.0,180,360.00,51610
255,,svoboda,093204,08-01-2008,Servers,1.0,50,50.00,51615
256,,truman,093212,08-01-2008,Primary storage (TB),3.0,624,1872.00,51610
257,,truman,093212,08-01-2008,Servers,1.0,50,50.00,51615
258,,baker,093215,09-01-2008,Primary storage (TB),1.0,624,624.00,51610
259,,betzig,093202,09-01-2008,Primary storage (TB),4.0,624,2496.00,51610
260,,betzig,093202,09-01-2008,Secondary storage (TB),1.0,180,180.00,51610
261,,chklovskii,093208,09-01-2008,Primary storage (TB),1.0,624,624.00,51610
262,,chklovskii,093208,09-01-2008,Secondary storage (TB),2.0,180,360.00,51610
263,,chklovskii,093208,09-01-2008,System Engineer Time,4.0,80,320.00,51610
264,,egnor,093308,09-01-2008,Primary storage (TB),4.0,624,2496.00,51610
265,,eddy,093203,09-01-2008,Direct Attached storage (TB),1.0,1850,1850.00,51610
266,,eddy,093203,09-01-2008,Primary storage (TB),1.0,624,624.00,51610
267,,eddy,093203,09-01-2008,Secondary storage (TB),1.6,180,288.00,51610
268,,eddy,093203,09-01-2008,Servers,19.0,50,950.00,51615
269,,eddy,093203,09-01-2008,System Engineer Time,8.0,80,640.00,51610
270,,elmicro,093093,09-01-2008,Secondary storage (TB),9.0,180,1620.00,51610
271,,elmicro,093093,09-01-2008,Servers,1.0,50,50.00,51615
275,,imaging,093095,09-01-2008,Primary storage (TB),3.0,624,1872.00,51610
276,,instrdesapp,093097,09-01-2008,Secondary storage (TB),4.0,180,720.00,51610
277,,jayaraman,093305,09-01-2008,Primary storage (TB),3.0,624,1872.00,51610
278,,karpova,093211,09-01-2008,Primary storage (TB),3.0,624,1872.00,51610
279,,looger,093209,09-01-2008,Primary storage (TB),0.5,624,312.00,51610
280,,looger,093209,09-01-2008,Servers,1.0,50,50.00,51615
281,,myers,093201,09-01-2008,Primary storage (TB),1.0,624,624.00,51610
282,,myers,093201,09-01-2008,Servers,1.0,50,50.00,51615
283,,peng,093309,09-01-2008,Primary storage (TB),2.0,624,1248.00,51610
284,,peng,093309,09-01-2008,Secondary storage (TB),2.0,180,360.00,51610
285,,peng,093309,09-01-2008,Servers,1.0,50,50.00,51615
286,,reiser,093303,09-01-2008,Primary storage (TB),3.0,624,1872.00,51610
287,,rubin,093205,09-01-2008,Primary storage (TB),8.0,624,4992.00,51610
288,,rubin,093205,09-01-2008,Secondary storage (TB),4.0,180,720.00,51610
289,,rubin,093205,09-01-2008,Servers,3.0,50,150.00,51615
290,,simpson,093210,09-01-2008,Secondary storage (TB),8.0,180,1440.00,51610
291,,simpson,093210,09-01-2008,Servers,1.0,50,50.00,51615
292,,sternson,093206,09-01-2008,Servers,1.0,50,50.00,51615
293,,svoboda,093204,09-01-2008,Primary storage (TB),3.0,624,1872.00,51610
294,,svoboda,093204,09-01-2008,Secondary storage (TB),2.0,180,360.00,51610
295,,svoboda,093204,09-01-2008,Servers,1.0,50,50.00,51615
296,,adminfinance,093021,09-01-2008,Servers,1.0,50,50.00,51615
297,,adminfinance,093021,09-01-2008,System Engineer Time,2.0,80,160.00,51610
298,,truman,093212,09-01-2008,Primary storage (TB),4.0,624,2496.00,51610
299,,truman,093212,09-01-2008,Servers,1.0,50,50.00,51615
300,,baker,093215,10-01-2008,Primary storage (TB),1.0,624,624.00,51610
301,,betzig,093202,10-01-2008,Primary storage (TB),4.0,624,2496.00,51610
302,,betzig,093202,10-01-2008,Secondary storage (TB),1.0,180,180.00,51610
303,,chklovskii,093208,10-01-2008,Primary storage (TB),3.0,624,1872.00,51610
304,,chklovskii,093208,10-01-2008,Secondary storage (TB),1.0,180,180.00,51610
305,,egnor,093308,10-01-2008,Primary storage (TB),4.0,624,2496.00,51610
306,,eddy,093203,10-01-2008,Direct Attached storage (TB),1.0,1850,1850.00,51610
307,,eddy,093203,10-01-2008,Primary storage (TB),1.5,624,936.00,51610
308,,eddy,093203,10-01-2008,Secondary storage (TB),1.6,180,288.00,51610
309,,eddy,093203,10-01-2008,Servers,19.0,50,950.00,51615
310,,eddy,093203,10-01-2008,System Engineer Time,8.0,80,640.00,51610
311,,elmicro,093093,10-01-2008,Secondary storage (TB),9.0,180,1620.00,51610
312,,elmicro,093093,10-01-2008,Servers,1.0,50,50.00,51615
313,,harris,093298,10-01-2008,Primary storage (TB),3.0,624,1872.00,51610
314,,harris,093298,10-01-2008,Secondary storage (TB),4.0,180,720.00,51610
315,,harris,093298,10-01-2008,Servers,1.0,50,50.00,51615
316,,imaging,093095,10-01-2008,Primary storage (TB),4.0,624,2496.00,51610
317,,instrdesapp,093097,10-01-2008,Secondary storage (TB),4.0,180,720.00,51610
318,,jayaraman,093305,10-01-2008,Primary storage (TB),3.0,624,1872.00,51610
319,,karpova,093211,10-01-2008,Primary storage (TB),3.0,624,1872.00,51610
320,,looger,093209,10-01-2008,Primary storage (TB),0.5,624,312.00,51610
321,,looger,093209,10-01-2008,Servers,1.0,50,50.00,51615
322,,myers,093201,10-01-2008,Primary storage (TB),1.0,624,624.00,51610
323,,myers,093201,10-01-2008,Servers,1.0,50,50.00,51615
324,,peng,093309,10-01-2008,Primary storage (TB),3.0,624,1872.00,51610
325,,peng,093309,10-01-2008,Secondary storage (TB),2.0,180,360.00,51610
326,,peng,093309,10-01-2008,Servers,1.0,50,50.00,51615
327,,peng,093309,10-01-2008,System Engineer Time,2.0,80,160.00,51610
328,,reiser,093303,10-01-2008,Primary storage (TB),3.0,624,1872.00,51610
329,JVS001201,visscien,093400,10-01-2008,Primary storage (TB),3.0,624,1872.00,51610
330,,rubin,093205,10-01-2008,Primary storage (TB),8.5,624,5304.00,51610
331,,rubin,093205,10-01-2008,Secondary storage (TB),4.5,180,810.00,51610
332,,rubin,093205,10-01-2008,Servers,3.0,50,150.00,51615
333,,rubin,093205,10-01-2008,System Engineer Time,2.0,80,160.00,51610
334,,shank,093402,10-01-2008,Primary storage (TB),1.0,624,624.00,51610
335,,simpson,093210,10-01-2008,Secondary storage (TB),8.0,180,1440.00,51610
336,,simpson,093210,10-01-2008,Servers,1.0,50,50.00,51615
337,,sternson,093206,10-01-2008,Servers,1.0,50,50.00,51615
338,,svoboda,093204,10-01-2008,Primary storage (TB),3.0,624,1872.00,51610
339,,svoboda,093204,10-01-2008,Secondary storage (TB),4.5,180,810.00,51610
340,,svoboda,093204,10-01-2008,Servers,1.0,50,50.00,51615
341,,adminfinance,093021,10-01-2008,Servers,1.0,50,50.00,51615
342,,adminfinance,093021,10-01-2008,System Engineer Time,8.0,80,640.00,51610
343,,truman,093212,10-01-2008,Primary storage (TB),4.0,624,2496.00,51610
344,,truman,093212,10-01-2008,Secondary storage (TB),4.0,180,720.00,51610
345,,truman,093212,10-01-2008,Servers,1.0,50,50.00,51615
346,,baker,093215,11-01-2008,Primary storage (TB),1.0,624,624.00,51610
347,,baker,093215,11-01-2008,Servers,1.0,50,50.00,51615
348,,betzig,093202,11-01-2008,Primary storage (TB),4.0,624,2496.00,51610
349,,betzig,093202,11-01-2008,Secondary storage (TB),1.0,180,180.00,51610
350,,chklovskii,093208,11-01-2008,Primary storage (TB),1.5,624,936.00,51610
351,,chklovskii,093208,11-01-2008,Secondary storage (TB),3.0,180,540.00,51610
352,,chklovskii,093208,11-01-2008,Servers,2.0,50,100.00,51615
353,,egnor,093308,11-01-2008,Primary storage (TB),4.0,624,2496.00,51610
354,,eddy,093203,11-01-2008,Direct Attached storage (TB),1.6,1850,2960.00,51610
355,,eddy,093203,11-01-2008,Primary storage (TB),1.5,624,936.00,51610
356,,eddy,093203,11-01-2008,Secondary storage (TB),2.6,180,468.00,51610
357,,eddy,093203,11-01-2008,Servers,19.0,50,950.00,51615
358,,eddy,093203,11-01-2008,System Engineer Time,8.0,80,640.00,51610
359,,elmicro,093093,11-01-2008,Secondary storage (TB),8.0,180,1440.00,51610
360,,elmicro,093093,11-01-2008,Servers,1.0,50,50.00,51615
361,,elmicro,093093,11-01-2008,System Engineer Time,2.0,80,160.00,51610
362,,gustafsson,093216,11-01-2008,Primary storage (TB),1.0,624,624.00,51610
363,,harris,093298,11-01-2008,Primary storage (TB),4.0,624,2496.00,51610
364,,harris,093298,11-01-2008,Secondary storage (TB),5.0,180,900.00,51610
365,,harris,093298,11-01-2008,Servers,1.0,50,50.00,51615
366,,imaging,093095,11-01-2008,Primary storage (TB),4.0,624,2496.00,51610
367,,imaging,093095,11-01-2008,System Engineer Time,2.0,80,160.00,51610
368,,instrdesapp,093097,11-01-2008,Secondary storage (TB),4.0,180,720.00,51610
369,,jayaraman,093305,11-01-2008,Primary storage (TB),3.0,624,1872.00,51610
370,,karpova,093211,11-01-2008,Primary storage (TB),4.0,624,2496.00,51610
371,,leonardo,093213,11-01-2008,Primary storage (TB),1.0,624,624.00,51610
372,,looger,093209,11-01-2008,Primary storage (TB),0.5,624,312.00,51610
373,,looger,093209,11-01-2008,Servers,1.0,50,50.00,51615
374,,myers,093201,11-01-2008,Primary storage (TB),1.0,624,624.00,51610
375,,myers,093201,11-01-2008,Servers,1.0,50,50.00,51615
376,,peng,093309,11-01-2008,Primary storage (TB),4.0,624,2496.00,51610
377,,peng,093309,11-01-2008,Secondary storage (TB),2.0,180,360.00,51610
378,,peng,093309,11-01-2008,Servers,1.0,50,50.00,51615
379,,peng,093309,11-01-2008,System Engineer Time,2.0,80,160.00,51610
380,,reiser,093303,11-01-2008,Primary storage (TB),6.0,624,3744.00,51610
381,JVS001201,visscien,093400,11-01-2008,Primary storage (TB),0.5,624,312.00,51610
382,,rubin,093205,11-01-2008,Primary storage (TB),4.0,624,2496.00,51610
383,,rubin,093205,11-01-2008,Secondary storage (TB),15.5,180,2790.00,51610
384,,rubin,093205,11-01-2008,Servers,3.0,50,150.00,51615
385,,rubin,093205,11-01-2008,System Engineer Time,4.0,80,320.00,51610
386,,shank,093402,11-01-2008,Primary storage (TB),1.0,624,624.00,51610
387,,simpson,093210,11-01-2008,Secondary storage (TB),8.0,180,1440.00,51610
388,,simpson,093210,11-01-2008,Servers,1.0,50,50.00,51615
389,,sternson,093206,11-01-2008,Servers,1.0,50,50.00,51615
390,,svoboda,093204,11-01-2008,Primary storage (TB),3.0,624,1872.00,51610
391,,svoboda,093204,11-01-2008,Secondary storage (TB),4.5,180,810.00,51610
392,,svoboda,093204,11-01-2008,Servers,1.0,50,50.00,51615
393,,adminfinance,093021,11-01-2008,Servers,1.0,50,50.00,51615
394,JVS000601,visscien,093400,11-01-2008,Primary storage (TB),3.0,624,1872.00,51610
395,,truman,093212,11-01-2008,Primary storage (TB),4.0,624,2496.00,51610
396,,truman,093212,11-01-2008,Secondary storage (TB),4.0,180,720.00,51610
397,,truman,093212,11-01-2008,Servers,1.0,50,50.00,51615
398,,baker,093215,12-01-2008,Primary storage (TB),1.0,624,624.00,51610
399,,baker,093215,12-01-2008,Servers,1.0,50,50.00,51615
400,,betzig,093202,12-01-2008,Primary storage (TB),4.0,624,2496.00,51610
401,,betzig,093202,12-01-2008,Secondary storage (TB),1.0,180,180.00,51610
402,,chklovskii,093208,12-01-2008,Primary storage (TB),3.5,624,2184.00,51610
403,,chklovskii,093208,12-01-2008,Secondary storage (TB),4.0,180,720.00,51610
404,,chklovskii,093208,12-01-2008,Servers,2.0,50,100.00,51615
405,,eddy,093203,12-01-2008,Direct Attached storage (TB),1.6,1850,2960.00,51610
406,,eddy,093203,12-01-2008,Primary storage (TB),3.0,624,1872.00,51610
407,,eddy,093203,12-01-2008,Secondary storage (TB),2.1,180,378.00,51610
408,,eddy,093203,12-01-2008,Servers,19.0,50,950.00,51615
409,,eddy,093203,12-01-2008,System Engineer Time,8.0,80,640.00,51610
410,,egnor,093308,12-01-2008,Primary storage (TB),4.0,624,2496.00,51610
411,,elmicro,093093,12-01-2008,Secondary storage (TB),8.0,180,1440.00,51610
412,,elmicro,093093,12-01-2008,Servers,1.0,50,50.00,51615
413,,gustafsson,093216,12-01-2008,Primary storage (TB),1.0,624,624.00,51610
414,,harris,093298,12-01-2008,Primary storage (TB),4.0,624,2496.00,51610
415,,harris,093298,12-01-2008,Secondary storage (TB),5.0,180,900.00,51610
416,,harris,093298,12-01-2008,Servers,1.0,50,50.00,51615
417,,imaging,093095,12-01-2008,Primary storage (TB),4.0,624,2496.00,51610
418,,instrdesapp,093097,12-01-2008,Secondary storage (TB),4.0,180,720.00,51610
419,,jayaraman,093305,12-01-2008,Primary storage (TB),3.0,624,1872.00,51610
420,,karpova,093211,12-01-2008,Primary storage (TB),4.0,624,2496.00,51610
421,,leonardo,093213,12-01-2008,Primary storage (TB),1.0,624,624.00,51610
422,,looger,093209,12-01-2008,Primary storage (TB),0.5,624,312.00,51610
423,,looger,093209,12-01-2008,Servers,1.0,50,50.00,51615
424,,myers,093201,12-01-2008,Primary storage (TB),1.0,624,624.00,51610
425,,myers,093201,12-01-2008,Servers,1.0,50,50.00,51615
426,,peng,093309,12-01-2008,Primary storage (TB),4.0,624,2496.00,51610
427,,peng,093309,12-01-2008,Secondary storage (TB),5.0,180,900.00,51610
428,,peng,093309,12-01-2008,Servers,1.0,50,50.00,51615
429,,peng,093309,12-01-2008,System Engineer Time,8.0,80,640.00,51610
430,,reiser,093303,12-01-2008,Primary storage (TB),8.0,624,4992.00,51610
431,JVS001201,visscien,093400,12-01-2008,Primary storage (TB),0.5,624,312.00,51610
432,,rubin,093205,12-01-2008,Primary storage (TB),4.0,624,2496.00,51610
433,,rubin,093205,12-01-2008,Secondary storage (TB),21.0,180,3780.00,51610
434,,rubin,093205,12-01-2008,Servers,3.0,50,150.00,51615
435,,rubin,093205,12-01-2008,System Engineer Time,4.0,80,320.00,51610
436,,shank,093402,12-01-2008,Primary storage (TB),1.0,624,624.00,51610
437,,simpson,093210,12-01-2008,Secondary storage (TB),8.0,180,1440.00,51610
438,,simpson,093210,12-01-2008,Servers,1.0,50,50.00,51615
439,JVS005100,visscien,093400,12-01-2008,Servers,1.0,50,50.00,51615
440,,sternson,093206,12-01-2008,Servers,1.0,50,50.00,51615
441,,svoboda,093204,12-01-2008,Primary storage (TB),3.0,624,1872.00,51610
442,,svoboda,093204,12-01-2008,Secondary storage (TB),6.5,180,1170.00,51610
443,,svoboda,093204,12-01-2008,Servers,1.0,50,50.00,51615
444,,svoboda,093204,12-01-2008,System Engineer Time,8.0,80,640.00,51610
445,,adminfinance,093021,12-01-2008,Servers,1.0,50,50.00,51615
446,JVS000601,visscien,093400,12-01-2008,Primary storage (TB),1.0,624,624.00,51610
447,JVS000601,visscien,093400,12-01-2008,Servers,1.0,50,50.00,51615
448,,truman,093212,12-01-2008,Primary storage (TB),5.0,624,3120.00,51610
449,,truman,093212,12-01-2008,Secondary storage (TB),5.0,180,900.00,51610
450,,truman,093212,12-01-2008,Servers,1.0,50,50.00,51615
451,,baker,093215,01-01-2009,Primary storage (TB),1.0,624,624.00,51610
452,,baker,093215,01-01-2009,Servers,1.0,50,50.00,51615
453,,betzig,093202,01-01-2009,Primary storage (TB),4.0,624,2496.00,51610
454,,betzig,093202,01-01-2009,Secondary storage (TB),1.0,180,180.00,51610
455,,chklovskii,093208,01-01-2009,Primary storage (TB),3.5,624,2184.00,51610
456,,chklovskii,093208,01-01-2009,Secondary storage (TB),4.0,180,720.00,51610
457,,chklovskii,093208,01-01-2009,Servers,2.0,50,100.00,51615
458,,chklovskii,093208,01-01-2009,System Engineer Time,6.0,80,480.00,51610
459,,eddy,093203,01-01-2009,Primary storage (TB),4.1,624,2558.40,51610
460,,eddy,093203,01-01-2009,Secondary storage (TB),3.6,180,648.00,51610
461,,eddy,093203,01-01-2009,Servers,20.0,50,1000.00,51615
462,,eddy,093203,01-01-2009,System Engineer Time,4.0,80,320.00,51610
463,,egnor,093308,01-01-2009,Primary storage (TB),4.0,624,2496.00,51610
464,,elmicro,093093,01-01-2009,Secondary storage (TB),8.0,180,1440.00,51610
465,,elmicro,093093,01-01-2009,Servers,1.0,50,50.00,51615
466,,gustafsson,093216,01-01-2009,Primary storage (TB),1.0,624,624.00,51610
467,,harris,093298,01-01-2009,Primary storage (TB),4.0,624,2496.00,51610
468,,harris,093298,01-01-2009,Secondary storage (TB),5.0,180,900.00,51610
469,,harris,093298,01-01-2009,Servers,1.0,50,50.00,51615
470,,harris,093298,01-01-2009,System Engineer Time,4.0,80,320.00,51610
471,,imaging,093095,01-01-2009,Primary storage (TB),4.0,624,2496.00,51610
472,,instrdesapp,093097,01-01-2009,Secondary storage (TB),4.0,180,720.00,51610
473,,jayaraman,093305,01-01-2009,Primary storage (TB),3.0,624,1872.00,51610
474,,karpova,093211,01-01-2009,Primary storage (TB),4.0,624,2496.00,51610
475,,kerr,093304,01-01-2009,System Engineer Time,1.0,80,80.00,51610
476,,leonardo,093213,01-01-2009,Primary storage (TB),1.0,624,624.00,51610
477,,looger,093209,01-01-2009,Primary storage (TB),0.5,624,312.00,51610
478,,looger,093209,01-01-2009,Servers,1.0,50,50.00,51615
479,,myers,093201,01-01-2009,Primary storage (TB),1.0,624,624.00,51610
480,,myers,093201,01-01-2009,Servers,1.0,50,50.00,51615
481,,peng,093309,01-01-2009,Primary storage (TB),4.0,624,2496.00,51610
482,,peng,093309,01-01-2009,Secondary storage (TB),6.0,180,1080.00,51610
483,,peng,093309,01-01-2009,Servers,1.0,50,50.00,51615
484,,reiser,093303,01-01-2009,Primary storage (TB),8.0,624,4992.00,51610
485,JVS001201,visscien,093400,01-01-2009,Primary storage (TB),0.5,624,312.00,51610
486,,rubin,093205,01-01-2009,Primary storage (TB),4.0,624,2496.00,51610
487,,rubin,093205,01-01-2009,Secondary storage (TB),20.0,180,3600.00,51610
488,,rubin,093205,01-01-2009,Servers,3.0,50,150.00,51615
489,,shank,093402,01-01-2009,Primary storage (TB),1.0,624,624.00,51610
490,,simpson,093210,01-01-2009,Secondary storage (TB),8.0,180,1440.00,51610
491,,simpson,093210,01-01-2009,Servers,1.0,50,50.00,51615
492,JVS005100,visscien,093400,01-01-2009,Servers,1.0,50,50.00,51615
493,,sternson,093206,01-01-2009,Servers,1.0,50,50.00,51615
494,,svoboda,093204,01-01-2009,Primary storage (TB),3.0,624,1872.00,51610
495,,svoboda,093204,01-01-2009,Secondary storage (TB),6.5,180,1170.00,51610
496,,svoboda,093204,01-01-2009,Servers,1.0,50,50.00,51615
497,,adminfinance,093021,01-01-2009,Servers,1.0,50,50.00,51615
498,,adminfinance,093021,01-01-2009,System Engineer Time,2.0,80,160.00,51610
499,JVS000601,visscien,093400,01-01-2009,Primary storage (TB),1.0,624,624.00,51610
500,JVS000601,visscien,093400,01-01-2009,Servers,1.0,50,50.00,51615
501,,truman,093212,01-01-2009,Primary storage (TB),5.0,624,3120.00,51610
502,,truman,093212,01-01-2009,Secondary storage (TB),5.0,180,900.00,51610
503,,truman,093212,01-01-2009,Servers,1.0,50,50.00,51615
504,JVS000901,visscien,093400,02-01-2009,System Engineer Time,1.0,80,80.00,51610
505,,baker,093215,02-01-2009,Primary storage (TB),1.0,624,624.00,51610
506,,baker,093215,02-01-2009,Servers,1.0,50,50.00,51615
507,,betzig,093202,02-01-2009,Primary storage (TB),4.0,624,2496.00,51610
508,,betzig,093202,02-01-2009,Secondary storage (TB),2.0,180,360.00,51610
509,,chklovskii,093208,02-01-2009,Primary storage (TB),3.5,624,2184.00,51610
510,,chklovskii,093208,02-01-2009,Secondary storage (TB),4.0,180,720.00,51610
511,,chklovskii,093208,02-01-2009,Servers,2.0,50,100.00,51615
512,,chklovskii,093208,02-01-2009,System Engineer Time,4.0,80,320.00,51610
513,,eddy,093203,02-01-2009,Primary storage (TB),4.1,624,2558.40,51610
514,,eddy,093203,02-01-2009,Secondary storage (TB),3.6,180,648.00,51610
515,,eddy,093203,02-01-2009,Servers,20.0,50,1000.00,51615
516,,eddy,093203,02-01-2009,System Engineer Time,8.0,80,640.00,51610
517,,egnor,093308,02-01-2009,Primary storage (TB),6.0,624,3744.00,51610
518,,egnor,093308,02-01-2009,System Engineer Time,16.0,80,1280.00,51610
519,,elmicro,093093,02-01-2009,Secondary storage (TB),8.0,180,1440.00,51610
520,,elmicro,093093,02-01-2009,Servers,1.0,50,50.00,51615
521,,gustafsson,093216,02-01-2009,Primary storage (TB),1.0,624,624.00,51610
522,,harris,093298,02-01-2009,Primary storage (TB),4.0,624,2496.00,51610
523,,harris,093298,02-01-2009,Secondary storage (TB),5.0,180,900.00,51610
524,,harris,093298,02-01-2009,Servers,1.0,50,50.00,51615
525,,imaging,093095,02-01-2009,Primary storage (TB),4.0,624,2496.00,51610
526,,instrdesapp,093097,02-01-2009,Secondary storage (TB),4.0,180,720.00,51610
527,,jayaraman,093305,02-01-2009,Primary storage (TB),3.0,624,1872.00,51610
528,,karpova,093211,02-01-2009,Primary storage (TB),4.0,624,2496.00,51610
529,,kerr,093304,02-01-2009,System Engineer Time,1.0,80,80.00,51610
530,,leonardo,093213,02-01-2009,Primary storage (TB),1.0,624,624.00,51610
531,,looger,093209,02-01-2009,Primary storage (TB),0.5,624,312.00,51610
532,,looger,093209,02-01-2009,Servers,1.0,50,50.00,51615
533,,myers,093201,02-01-2009,Primary storage (TB),1.0,624,624.00,51610
534,,myers,093201,02-01-2009,Servers,1.0,50,50.00,51615
535,,peng,093309,02-01-2009,Primary storage (TB),4.0,624,2496.00,51610
536,,peng,093309,02-01-2009,Secondary storage (TB),6.0,180,1080.00,51610
537,,peng,093309,02-01-2009,Servers,1.0,50,50.00,51615
538,,reiser,093303,02-01-2009,Primary storage (TB),8.0,624,4992.00,51610
539,JVS001201,visscien,093400,02-01-2009,Primary storage (TB),0.5,624,312.00,51610
540,,rubin,093205,02-01-2009,Primary storage (TB),4.0,624,2496.00,51610
541,,rubin,093205,02-01-2009,Secondary storage (TB),20.5,180,3690.00,51610
542,,rubin,093205,02-01-2009,Servers,3.0,50,150.00,51615
543,,shank,093402,02-01-2009,Primary storage (TB),1.5,624,936.00,51610
544,,shank,093402,02-01-2009,System Engineer Time,4.0,80,320.00,51610
545,,simpson,093210,02-01-2009,Secondary storage (TB),8.0,180,1440.00,51610
546,,simpson,093210,02-01-2009,Servers,1.0,50,50.00,51615
547,JVS005100,visscien,093400,02-01-2009,Servers,1.0,50,50.00,51615
548,,sternson,093206,02-01-2009,Servers,1.0,50,50.00,51615
549,,svoboda,093204,02-01-2009,Primary storage (TB),3.0,624,1872.00,51610
550,,svoboda,093204,02-01-2009,Secondary storage (TB),12.0,180,2160.00,51610
551,,svoboda,093204,02-01-2009,Servers,1.0,50,50.00,51615
552,,adminfinance,093021,02-01-2009,Servers,1.0,50,50.00,51615
553,JVS000601,visscien,093400,02-01-2009,Primary storage (TB),1.0,624,624.00,51610
554,JVS000601,visscien,093400,02-01-2009,Servers,1.0,50,50.00,51615
555,,truman,093212,02-01-2009,Primary storage (TB),5.0,624,3120.00,51610
556,,truman,093212,02-01-2009,Secondary storage (TB),5.0,180,900.00,51610
557,,truman,093212,02-01-2009,Servers,1.0,50,50.00,51615
558,,adminfinance,093021,03-01-2009,Servers,1.0,50,50.00,51615
559,,baker,093215,03-01-2009,Primary storage (TB),1.0,624,624.00,51610
560,,baker,093215,03-01-2009,Secondary storage (TB),2.0,180,360.00,51610
561,,baker,093215,03-01-2009,Servers,1.0,50,50.00,51615
562,,betzig,093202,03-01-2009,Primary storage (TB),4.0,624,2496.00,51610
563,,betzig,093202,03-01-2009,Secondary storage (TB),2.0,180,360.00,51610
564,,chklovskii,093208,03-01-2009,Primary storage (TB),4.0,624,2496.00,51610
565,,chklovskii,093208,03-01-2009,Secondary storage (TB),4.0,180,720.00,51610
566,,chklovskii,093208,03-01-2009,Servers,2.0,50,100.00,51615
567,,chklovskii,093208,03-01-2009,System Engineer Time,4.0,80,320.00,51610
568,,eddy,093203,03-01-2009,Primary storage (TB),4.1,624,2558.40,51610
569,,eddy,093203,03-01-2009,Secondary storage (TB),3.6,180,648.00,51610
570,,eddy,093203,03-01-2009,Servers,20.0,50,1000.00,51615
571,,eddy,093203,03-01-2009,System Engineer Time,8.0,80,640.00,51610
572,,egnor,093308,03-01-2009,Primary storage (TB),6.0,624,3744.00,51610
573,,egnor,093308,03-01-2009,Secondary storage (TB),4.0,180,720.00,51610
574,,elmicro,093093,03-01-2009,Secondary storage (TB),0.4,180,72.00,51610
575,,elmicro,093093,03-01-2009,Servers,1.0,50,50.00,51615
576,JVS001400,flyem,093417,03-01-2009,Secondary storage (TB),7.4,180,1332.00,51610
577,JVS002900	,flyem,093417,03-01-2009,Secondary storage (TB),0.2,180,36.00,51610
578,JVS003900,flylight,093416,03-01-2009,Secondary storage (TB),6.0,180,1080.00,51610
579,JVS002800,flyolympiad,093418,03-01-2009,Secondary storage (TB),4.5,180,810.00,51610
580,,gustafsson,093216,03-01-2009,Primary storage (TB),1.0,624,624.00,51610
581,,harris,093298,03-01-2009,Primary storage (TB),4.0,624,2496.00,51610
582,,harris,093298,03-01-2009,Secondary storage (TB),5.0,180,900.00,51610
583,,harris,093298,03-01-2009,Servers,1.0,50,50.00,51615
584,,harris,093298,03-01-2009,System Engineer Time,2.0,80,160.00,51610
585,,imaging,093095,03-01-2009,Primary storage (TB),4.0,624,2496.00,51610
586,,jayaraman,093305,03-01-2009,Primary storage (TB),3.0,624,1872.00,51610
587,,karpova,093211,03-01-2009,Primary storage (TB),4.0,624,2496.00,51610
588,,leonardo,093213,03-01-2009,Primary storage (TB),1.0,624,624.00,51610
589,,looger,093209,03-01-2009,Primary storage (TB),0.5,624,312.00,51610
590,,looger,093209,03-01-2009,Servers,1.0,50,50.00,51615
591,,myers,093201,03-01-2009,Primary storage (TB),1.0,624,624.00,51610
592,,myers,093201,03-01-2009,Servers,1.0,50,50.00,51615
593,,peng,093309,03-01-2009,Primary storage (TB),4.0,624,2496.00,51610
594,,peng,093309,03-01-2009,Secondary storage (TB),6.0,180,1080.00,51610
595,,peng,093309,03-01-2009,Servers,1.0,50,50.00,51615
596,,reiser,093303,03-01-2009,Primary storage (TB),4.0,624,2496.00,51610
597,,reiser,093303,03-01-2009,Secondary storage (TB),3.0,180,540.00,51610
598,JVS001201,visscien,093400,03-01-2009,Primary storage (TB),0.5,624,312.00,51610
599,,rubin,093205,03-01-2009,Primary storage (TB),4.0,624,2496.00,51610
600,,rubin,093205,03-01-2009,Secondary storage (TB),25.5,180,4590.00,51610
601,,rubin,093205,03-01-2009,Servers,3.0,50,150.00,51615
602,,shank,093402,03-01-2009,Primary storage (TB),1.5,624,936.00,51610
603,,simpson,093210,03-01-2009,Secondary storage (TB),8.0,180,1440.00,51610
604,,simpson,093210,03-01-2009,Servers,1.0,50,50.00,51615
605,JVS005100,visscien,093400,03-01-2009,Servers,1.0,50,50.00,51615
606,,sternson,093206,03-01-2009,Servers,1.0,50,50.00,51615
607,,svoboda,093204,03-01-2009,Primary storage (TB),5.0,624,3120.00,51610
608,,svoboda,093204,03-01-2009,Secondary storage (TB),16.0,180,2880.00,51610
609,,svoboda,093204,03-01-2009,Servers,1.0,50,50.00,51615
610,JVS000601,visscien,093400,03-01-2009,Primary storage (TB),1.0,624,624.00,51610
611,JVS000601,visscien,093400,03-01-2009,Servers,1.0,50,50.00,51615
612,,truman,093212,03-01-2009,Primary storage (TB),5.0,624,3120.00,51610
613,,truman,093212,03-01-2009,Servers,1.0,50,50.00,51615
614,,adminfinance,093021,04-01-2009,Servers,1.0,50,50.00,51615
615,,baker,093215,04-01-2009,Primary storage (TB),1.5,624,936.00,51610
616,,baker,093215,04-01-2009,Secondary storage (TB),2.0,180,360.00,51610
617,,baker,093215,04-01-2009,Servers,1.0,50,50.00,51615
618,,betzig,093202,04-01-2009,Primary storage (TB),4.0,624,2496.00,51610
619,,betzig,093202,04-01-2009,Secondary storage (TB),2.0,180,360.00,51610
620,,chklovskii,093208,04-01-2009,Primary storage (TB),4.0,624,2496.00,51610
621,,chklovskii,093208,04-01-2009,Secondary storage (TB),4.0,180,720.00,51610
622,,chklovskii,093208,04-01-2009,Servers,2.0,50,100.00,51615
623,,chklovskii,093208,04-01-2009,System Engineer Time,2.0,80,160.00,51610
624,,eddy,093203,04-01-2009,Primary storage (TB),4.6,624,2870.40,51610
625,,eddy,093203,04-01-2009,Secondary storage (TB),3.6,180,648.00,51610
626,,eddy,093203,04-01-2009,Servers,20.0,50,1000.00,51615
627,,eddy,093203,04-01-2009,System Engineer Time,8.0,80,640.00,51610
628,,egnor,093308,04-01-2009,Primary storage (TB),6.0,624,3744.00,51610
629,,egnor,093308,04-01-2009,Secondary storage (TB),4.0,180,720.00,51610
630,,elmicro,093093,04-01-2009,Secondary storage (TB),0.4,180,72.00,51610
631,,elmicro,093093,04-01-2009,Servers,1.0,50,50.00,51615
632,JVS001400,flyem,093417,04-01-2009,Secondary storage (TB),7.4,180,1332.00,51610
633,JVS002900,flyem,093417,04-01-2009,Secondary storage (TB),0.2,180,36.00,51610
634,JVS003900,flylight,093416,04-01-2009,Secondary storage (TB),6.0,180,1080.00,51610
635,JVS002800,flyolympiad,093418,04-01-2009,Secondary storage (TB),4.5,180,810.00,51610
636,,gustafsson,093216,04-01-2009,Primary storage (TB),1.0,624,624.00,51610
637,,harris,093298,04-01-2009,Primary storage (TB),4.0,624,2496.00,51610
638,,harris,093298,04-01-2009,Secondary storage (TB),5.0,180,900.00,51610
639,,harris,093298,04-01-2009,Servers,1.0,50,50.00,51615
640,,imaging,093095,04-01-2009,Primary storage (TB),4.0,624,2496.00,51610
641,,jayaraman,093305,04-01-2009,Primary storage (TB),3.0,624,1872.00,51610
642,,karpova,093211,04-01-2009,Primary storage (TB),4.0,624,2496.00,51610
643,,leonardo,093213,04-01-2009,Primary storage (TB),1.0,624,624.00,51610
644,,leet,093217,04-01-2009,Secondary storage (TB),3.0,180,540.00,51610
645,,leet,093217,04-01-2009,System Engineer Time,2.0,80,160.00,51610
646,,looger,093209,04-01-2009,Primary storage (TB),0.5,624,312.00,51610
647,,looger,093209,04-01-2009,Servers,1.0,50,50.00,51615
648,JVS001400,flyem,093417,04-01-2009,System Engineer Time,2.0,80,160.00,51610
649,,myers,093201,04-01-2009,Primary storage (TB),1.0,624,624.00,51610
650,,myers,093201,04-01-2009,Servers,1.0,50,50.00,51615
651,,peng,093309,04-01-2009,Primary storage (TB),4.0,624,2496.00,51610
652,,peng,093309,04-01-2009,Secondary storage (TB),6.0,180,1080.00,51610
653,,peng,093309,04-01-2009,Servers,1.0,50,50.00,51615
654,,reiser,093303,04-01-2009,Primary storage (TB),4.0,624,2496.00,51610
655,,reiser,093303,04-01-2009,Secondary storage (TB),3.0,180,540.00,51610
656,,riddiford,093302,04-01-2009,Primary storage (TB),1.0,624,624.00,51610
657,JVS001201,visscien,093400,04-01-2009,Primary storage (TB),0.5,624,312.00,51610
658,,rubin,093205,04-01-2009,Primary storage (TB),4.0,624,2496.00,51610
659,,rubin,093205,04-01-2009,Secondary storage (TB),25.5,180,4590.00,51610
660,,rubin,093205,04-01-2009,Servers,3.0,50,150.00,51615
661,,shank,093402,04-01-2009,Primary storage (TB),2.5,624,1560.00,51610
662,,simpson,093210,04-01-2009,Secondary storage (TB),8.0,180,1440.00,51610
663,,simpson,093210,04-01-2009,Servers,1.0,50,50.00,51615
664,JVS005100,visscien,093400,04-01-2009,Servers,1.0,50,50.00,51615
665,,sternson,093206,04-01-2009,Servers,1.0,50,50.00,51615
666,,svoboda,093204,04-01-2009,Primary storage (TB),5.0,624,3120.00,51610
667,,svoboda,093204,04-01-2009,Secondary storage (TB),16.0,180,2880.00,51610
668,,svoboda,093204,04-01-2009,Servers,1.0,50,50.00,51615
669,JVS000601,visscien,093400,04-01-2009,Primary storage (TB),1.0,624,624.00,51610
670,JVS000601,visscien,093400,04-01-2009,Servers,1.0,50,50.00,51615
671,,truman,093212,04-01-2009,Primary storage (TB),5.0,624,3120.00,51610
672,,truman,093212,04-01-2009,Servers,1.0,50,50.00,51615
673,,adminfinance,093021,05-01-2009,Servers,1.0,50,50.00,51615
674,,baker,093215,05-01-2009,Primary Storage (TB),2.5,624,1560.00,51610
675,,baker,093215,05-01-2009,Secondary Storage (TB),9.0,180,1620.00,51610
676,,baker,093215,05-01-2009,Servers,1.0,50,50.00,51615
677,,betzig,093202,05-01-2009,Primary Storage (TB),4.0,624,2496.00,51610
678,,betzig,093202,05-01-2009,Secondary Storage (TB),3.0,180,540.00,51610
679,,chklovskii,093208,05-01-2009,Primary Storage (TB),4.0,624,2496.00,51610
680,,chklovskii,093208,05-01-2009,Secondary Storage (TB),4.0,180,720.00,51610
681,,chklovskii,093208,05-01-2009,Servers,2.0,50,100.00,51615
682,,eddy,093203,05-01-2009,Primary Storage (TB),4.6,624,2870.40,51610
683,,eddy,093203,05-01-2009,Secondary Storage (TB),3.6,180,648.00,51610
684,,eddy,093203,05-01-2009,Servers,20.0,50,1000.00,51615
685,,egnor,093308,05-01-2009,Primary Storage (TB),6.0,624,3744.00,51610
686,,egnor,093308,05-01-2009,Secondary Storage (TB),5.0,180,900.00,51610
687,,elmicro,093093,05-01-2009,Secondary Storage (TB),0.4,180,72.00,51610
688,,elmicro,093093,05-01-2009,Servers,1.0,50,50.00,51615
689,JVS001400,flyem,093417,05-01-2009,Secondary Storage (TB),7.4,180,1332.00,51610
690,JVS002900,flyem,093417,05-01-2009,Secondary Storage (TB),0.2,180,36.00,51610
691,JVS003900,flylight,093416,05-01-2009,Secondary Storage (TB),6.0,180,1080.00,51610
692,JVS002800,flyolympiad,093418,05-01-2009,Secondary Storage (TB),4.5,180,810.00,51610
693,,gustafsson,093216,05-01-2009,Primary Storage (TB),1.0,624,624.00,51610
694,,harris,093298,05-01-2009,Primary Storage (TB),4.0,624,2496.00,51610
695,,harris,093298,05-01-2009,Secondary Storage (TB),5.0,180,900.00,51610
696,,harris,093298,05-01-2009,Servers,1.0,50,50.00,51615
697,,imaging,093095,05-01-2009,Secondary Storage (TB),4.0,180,720.00,51610
698,,jayaraman,093305,05-01-2009,Primary Storage (TB),3.0,624,1872.00,51610
699,,karpova,093211,05-01-2009,Primary Storage (TB),4.0,624,2496.00,51610
700,,leonardo,093213,05-01-2009,Primary Storage (TB),1.0,624,624.00,51610
701,,looger,093209,05-01-2009,Primary Storage (TB),0.5,624,312.00,51610
702,,looger,093209,05-01-2009,Servers,1.0,50,50.00,51615
703,,myers,093201,05-01-2009,Primary Storage (TB),1.0,624,624.00,51610
704,,myers,093201,05-01-2009,Servers,1.0,50,50.00,51615
705,,leet,093217,05-01-2009,Secondary Storage (TB),3.0,180,540.00,51610
706,,peng,093309,05-01-2009,Primary Storage (TB),4.0,624,2496.00,51610
707,,peng,093309,05-01-2009,Secondary Storage (TB),6.0,180,1080.00,51610
708,,peng,093309,05-01-2009,Servers,1.0,50,50.00,51615
709,,reiser,093303,05-01-2009,Primary Storage (TB),4.0,624,2496.00,51610
710,,reiser,093303,05-01-2009,Secondary Storage (TB),3.0,180,540.00,51610
711,,riddiford,093302,05-01-2009,Primary Storage (TB),1.0,624,624.00,51610
712,JVS001201,visscien,093400,05-01-2009,Primary Storage (TB),0.5,624,312.00,51610
713,,rubin,093205,05-01-2009,Primary Storage (TB),4.0,624,2496.00,51610
714,,rubin,093205,05-01-2009,Secondary Storage (TB),27.0,180,4860.00,51610
715,,rubin,093205,05-01-2009,Servers,3.0,50,150.00,51615
716,,shank,093402,05-01-2009,Primary Storage (TB),3.0,624,1872.00,51610
717,,simpson,093210,05-01-2009,Secondary Storage (TB),9.0,180,1620.00,51610
718,,simpson,093210,05-01-2009,Servers,1.0,50,50.00,51615
719,JVS005100,visscien,093400,05-01-2009,Servers,1.0,50,50.00,51615
720,,sternson,093206,05-01-2009,Servers,1.0,50,50.00,51615
721,,svoboda,093204,05-01-2009,Primary Storage (TB),5.0,624,3120.00,51610
722,,svoboda,093204,05-01-2009,Secondary Storage (TB),20.0,180,3600.00,51610
723,,svoboda,093204,05-01-2009,Servers,1.0,50,50.00,51615
724,,tjian,093218,05-01-2009,Primary Storage (TB),1.0,624,624.00,51610
725,,tjian,093218,05-01-2009,Servers,1.0,50,50.00,51615
726,,truman,093212,05-01-2009,Primary Storage (TB),4.0,624,2496.00,51610
727,,truman,093212,05-01-2009,Servers,1.0,50,50.00,51615
728,JVS001400,flyem,093417,05-01-2009,System Engineer Time,1.0,80,80.00,51610
729,,eddy,093203,05-01-2009,System Engineer Time,8.0,80,640.00,51610
730,,peng,093309,05-01-2009,System Engineer Time,4.0,80,320.00,51610
732,,adminfinance,093021,06-01-2009,Servers,1.0,50,50.00,51615
733,,baker,093215,06-01-2009,Primary Storage (TB),2.5,624,1560.00,51610
734,,baker,093215,06-01-2009,Secondary Storage (TB),11.0,180,1980.00,51610
735,,baker,093215,06-01-2009,Servers,1.0,50,50.00,51615
736,,betzig,093202,06-01-2009,Primary Storage (TB),4.0,624,2496.00,51610
737,,betzig,093202,06-01-2009,Secondary Storage (TB),3.0,180,540.00,51610
738,,chklovskii,093208,06-01-2009,Primary Storage (TB),4.0,624,2496.00,51610
739,,chklovskii,093208,06-01-2009,Secondary Storage (TB),4.0,180,720.00,51610
740,,chklovskii,093208,06-01-2009,Servers,2.0,50,100.00,51615
741,,eddy,093203,06-01-2009,Primary Storage (TB),3.0,624,1872.00,51610
742,,eddy,093203,06-01-2009,Secondary Storage (TB),3.6,180,648.00,51610
743,,eddy,093203,06-01-2009,Servers,20.0,50,1000.00,51615
744,,egnor,093308,06-01-2009,Primary Storage (TB),1.0,624,624.00,51610
745,,egnor,093308,06-01-2009,Secondary Storage (TB),10.0,180,1800.00,51610
746,,elmicro,093093,06-01-2009,Secondary Storage (TB),0.4,180,72.00,51610
747,,elmicro,093093,06-01-2009,Servers,1.0,50,50.00,51615
748,JVS001400,flyem,093417,06-01-2009,Secondary Storage (TB),7.4,180,1332.00,51610
749,JVS002900,flyem,093417,06-01-2009,Secondary Storage (TB),0.2,180,36.00,51610
750,JVS003900,flylight,093416,06-01-2009,Secondary Storage (TB),26.0,180,4680.00,51610
751,JVS002800,flyolympiad,093418,06-01-2009,Secondary Storage (TB),6.0,180,1080.00,51610
752,,gustafsson,093216,06-01-2009,Primary Storage (TB),1.0,624,624.00,51610
753,,harris,093298,06-01-2009,Primary Storage (TB),4.0,624,2496.00,51610
754,,harris,093298,06-01-2009,Secondary Storage (TB),5.0,180,900.00,51610
755,,harris,093298,06-01-2009,Servers,1.0,50,50.00,51615
756,,imaging,093095,06-01-2009,Secondary Storage (TB),5.0,180,900.00,51610
757,,instrdesapp,093097,06-01-2009,Servers,1.0,50,50.00,51615
758,,jayaraman,093305,06-01-2009,Primary Storage (TB),3.0,624,1872.00,51610
759,,karpova,093211,06-01-2009,Primary Storage (TB),4.0,624,2496.00,51610
760,,leonardo,093213,06-01-2009,Primary Storage (TB),1.0,624,624.00,51610
761,,looger,093209,06-01-2009,Primary Storage (TB),0.5,624,312.00,51610
762,,looger,093209,06-01-2009,Servers,1.0,50,50.00,51615
763,,myers,093201,06-01-2009,Primary Storage (TB),1.0,624,624.00,51610
764,,myers,093201,06-01-2009,Servers,1.0,50,50.00,51615
765,,leet,093217,06-01-2009,Secondary Storage (TB),3.0,180,540.00,51610
766,,peng,093309,06-01-2009,Primary Storage (TB),4.0,624,2496.00,51610
767,,peng,093309,06-01-2009,Secondary Storage (TB),6.0,180,1080.00,51610
768,,peng,093309,06-01-2009,Servers,2.0,50,100.00,51615
769,,reiser,093303,06-01-2009,Primary Storage (TB),3.0,624,1872.00,51610
770,,riddiford,093302,06-01-2009,Primary Storage (TB),1.0,624,624.00,51610
771,JVS001201,visscien,093400,06-01-2009,Primary Storage (TB),0.5,624,312.00,51610
772,,rubin,093205,06-01-2009,Primary Storage (TB),4.0,624,2496.00,51610
773,,rubin,093205,06-01-2009,Secondary Storage (TB),7.0,180,1260.00,51610
774,,rubin,093205,06-01-2009,Servers,3.0,50,150.00,51615
775,,shank,093402,06-01-2009,Primary Storage (TB),3.0,624,1872.00,51610
776,,simpson,093210,06-01-2009,Secondary Storage (TB),9.0,180,1620.00,51610
777,,simpson,093210,06-01-2009,Servers,1.0,50,50.00,51615
778,JVS005100,visscien,093400,06-01-2009,Servers,1.0,50,50.00,51615
779,,sternson,093206,06-01-2009,Servers,1.0,50,50.00,51615
780,,svoboda,093204,06-01-2009,Primary Storage (TB),5.0,624,3120.00,51610
781,,svoboda,093204,06-01-2009,Secondary Storage (TB),20.0,180,3600.00,51610
782,,svoboda,093204,06-01-2009,Servers,1.0,50,50.00,51615
783,,tjian,093218,06-01-2009,Primary Storage (TB),1.0,624,624.00,51610
784,,tjian,093218,06-01-2009,Servers,1.0,50,50.00,51615
785,,truman,093212,06-01-2009,Primary Storage (TB),4.0,624,2496.00,51610
786,,truman,093212,06-01-2009,Servers,1.0,50,50.00,51615
787,JVS002401,visscien,093400,06-01-2009,Secondary Storage (TB),6.0,180,1080.00,51610
788,,eddy,093203,06-01-2009,System Engineer Time,8.0,80,640.00,51610
789,,peng,093309,06-01-2009,System Engineer Time,2.0,80,160.00,51610
792,,adminfinance,093021,07-01-2009,Servers,1.0,50,50.00,51615
793,,baker,093215,07-01-2009,Primary Storage (TB),5.0,624,3120.00,51610
794,,baker,093215,07-01-2009,Secondary Storage (TB),14.0,180,2520.00,51610
795,,baker,093215,07-01-2009,Servers,1.0,50,50.00,51615
796,,betzig,093202,07-01-2009,Primary Storage (TB),4.0,624,2496.00,51610
797,,betzig,093202,07-01-2009,Secondary Storage (TB),3.0,180,540.00,51610
798,,chklovskii,093208,07-01-2009,Primary Storage (TB),4.0,624,2496.00,51610
799,,chklovskii,093208,07-01-2009,Secondary Storage (TB),4.0,180,720.00,51610
800,,chklovskii,093208,07-01-2009,Servers,2.0,50,100.00,51615
801,,eddy,093203,07-01-2009,Primary Storage (TB),3.0,624,1872.00,51610
802,,eddy,093203,07-01-2009,Secondary Storage (TB),3.6,180,648.00,51610
803,,eddy,093203,07-01-2009,Servers,20.0,50,1000.00,51615
804,,egnor,093308,07-01-2009,Secondary Storage (TB),10.0,180,1800.00,51610
805,,elmicro,093093,07-01-2009,Secondary Storage (TB),0.4,180,72.00,51610
806,,elmicro,093093,07-01-2009,Servers,1.0,50,50.00,51615
807,JVS001400,flyem,093417,07-01-2009,Secondary Storage (TB),7.4,180,1332.00,51610
808,JVS002900,flyem,093417,07-01-2009,Secondary Storage (TB),0.2,180,36.00,51610
809,JVS003900,flylight,093416,07-01-2009,Secondary Storage (TB),26.7,180,4806.00,51610
810,JVS002800,flyolympiad,093418,07-01-2009,Secondary Storage (TB),6.0,180,1080.00,51610
811,,gustafsson,093216,07-01-2009,Primary Storage (TB),1.0,624,624.00,51610
812,,harris,093298,07-01-2009,Primary Storage (TB),4.0,624,2496.00,51610
813,,harris,093298,07-01-2009,Secondary Storage (TB),5.0,180,900.00,51610
814,,harris,093298,07-01-2009,Servers,1.0,50,50.00,51615
815,,imaging,093095,07-01-2009,Secondary Storage (TB),5.0,180,900.00,51610
816,,instrdesapp,093097,07-01-2009,Servers,1.0,50,50.00,51615
817,,jayaraman,093305,07-01-2009,Primary Storage (TB),3.0,624,1872.00,51610
818,,karpova,093211,07-01-2009,Primary Storage (TB),4.0,624,2496.00,51610
819,,leonardo,093213,07-01-2009,Primary Storage (TB),1.0,624,624.00,51610
820,,looger,093209,07-01-2009,Primary Storage (TB),0.5,624,312.00,51610
821,,looger,093209,07-01-2009,Servers,1.0,50,50.00,51615
822,,myers,093201,07-01-2009,Primary Storage (TB),1.0,624,624.00,51610
823,,myers,093201,07-01-2009,Servers,1.0,50,50.00,51615
824,,leet,093217,07-01-2009,Secondary Storage (TB),4.0,180,720.00,51610
825,,peng,093309,07-01-2009,Primary Storage (TB),4.0,624,2496.00,51610
826,,peng,093309,07-01-2009,Secondary Storage (TB),6.0,180,1080.00,51610
827,,peng,093309,07-01-2009,Servers,2.0,50,100.00,51615
828,,riddiford,093302,07-01-2009,Primary Storage (TB),1.0,624,624.00,51610
829,JVS001201,visscien,093400,07-01-2009,Primary Storage (TB),1.0,624,624.00,51610
830,,rubin,093205,07-01-2009,Primary Storage (TB),4.0,624,2496.00,51610
831,,rubin,093205,07-01-2009,Secondary Storage (TB),7.0,180,1260.00,51610
832,,rubin,093205,07-01-2009,Servers,3.0,50,150.00,51615
833,,shank,093402,07-01-2009,Primary Storage (TB),3.5,624,2184.00,51610
834,,simpson,093210,07-01-2009,Secondary Storage (TB),9.0,180,1620.00,51610
835,,simpson,093210,07-01-2009,Servers,1.0,50,50.00,51615
836,JVS005100,visscien,093400,07-01-2009,Servers,1.0,50,50.00,51615
837,,sternson,093206,07-01-2009,Servers,1.0,50,50.00,51615
838,,svoboda,093204,07-01-2009,Primary Storage (TB),5.0,624,3120.00,51610
839,,svoboda,093204,07-01-2009,Secondary Storage (TB),24.0,180,4320.00,51610
840,,svoboda,093204,07-01-2009,Servers,1.0,50,50.00,51615
841,,tjian,093218,07-01-2009,Primary Storage (TB),1.0,624,624.00,51610
842,,tjian,093218,07-01-2009,Servers,1.0,50,50.00,51615
843,,truman,093212,07-01-2009,Primary Storage (TB),4.0,624,2496.00,51610
844,,truman,093212,07-01-2009,Servers,1.0,50,50.00,51615
845,JVS002401,visscien,093400,07-01-2009,Secondary Storage (TB),2.5,180,450.00,51610
846,JVS002401,visscien,093400,07-02-2009,Primary Storage (TB),18.0,624,11232.00,51610
847,,reiser,093303,07-02-2009,Primary Storage (TB),18.0,-624,-11232.00,51610
848,,reiser,093303,07-01-2009,Primary Storage (TB),3.0,624,1872.00,51610
849,JVS002401,visscien,093400,07-01-2009,Primary Storage (TB),18.0,624,11232.00,51610
850,,adminfinance,093021,08-01-2009,Servers,1.0,50,50.00,51615
851,,baker,093215,08-01-2009,Primary Storage (TB),5.0,624,3120.00,51610
852,,baker,093215,08-01-2009,Secondary Storage (TB),14.0,180,2520.00,51610
853,,baker,093215,08-01-2009,Servers,1.0,50,50.00,51615
854,,betzig,093202,08-01-2009,Primary Storage (TB),4.0,624,2496.00,51610
855,,betzig,093202,08-01-2009,Secondary Storage (TB),3.0,180,540.00,51610
856,,chklovskii,093208,08-01-2009,Primary Storage (TB),4.0,624,2496.00,51610
857,,chklovskii,093208,08-01-2009,Secondary Storage (TB),4.0,180,720.00,51610
858,,chklovskii,093208,08-01-2009,Servers,2.0,50,100.00,51615
859,,eddy,093203,08-01-2009,Primary Storage (TB),3.0,624,1872.00,51610
860,,eddy,093203,08-01-2009,Secondary Storage (TB),3.6,180,648.00,51610
861,,eddy,093203,08-01-2009,Servers,20.0,50,1000.00,51615
862,,egnor,093308,08-01-2009,Secondary Storage (TB),10.0,180,1800.00,51610
863,,elmicro,093093,08-01-2009,Secondary Storage (TB),0.4,180,72.00,51610
864,,elmicro,093093,08-01-2009,Servers,1.0,50,50.00,51615
865,JVS001400,flyem,093417,08-01-2009,Secondary Storage (TB),7.4,180,1332.00,51610
866,JVS002900,flyem,093417,08-01-2009,Secondary Storage (TB),0.2,180,36.00,51610
867,JVS003900,flylight,093416,08-01-2009,Secondary Storage (TB),26.7,180,4806.00,51610
868,JVS002800,flyolympiad,093418,08-01-2009,Secondary Storage (TB),6.0,180,1080.00,51610
869,,gustafsson,093216,08-01-2009,Primary Storage (TB),1.0,624,624.00,51610
870,,hess,093297,08-01-2009,Primary Storage (TB),4.0,624,2496.00,51610
871,,hess,093297,08-01-2009,Secondary Storage (TB),5.0,180,900.00,51610
872,,hess,093297,08-01-2009,Servers,1.0,50,50.00,51615
873,,imaging,093095,08-01-2009,Secondary Storage (TB),5.0,180,900.00,51610
874,,instrdesapp,093097,08-01-2009,Servers,1.0,50,50.00,51615
875,,jayaraman,093305,08-01-2009,Primary Storage (TB),3.0,624,1872.00,51610
876,,karpova,093211,08-01-2009,Primary Storage (TB),4.0,624,2496.00,51610
877,,leonardo,093213,08-01-2009,Primary Storage (TB),1.0,624,624.00,51610
878,,looger,093209,08-01-2009,Primary Storage (TB),0.5,624,312.00,51610
879,,looger,093209,08-01-2009,Servers,1.0,50,50.00,51615
880,,myers,093201,08-01-2009,Primary Storage (TB),1.0,624,624.00,51610
881,,myers,093201,08-01-2009,Servers,1.0,50,50.00,51615
882,,leet,093217,08-01-2009,Secondary Storage (TB),4.0,180,720.00,51610
883,,peng,093309,08-01-2009,Primary Storage (TB),4.0,624,2496.00,51610
884,,peng,093309,08-01-2009,Secondary Storage (TB),6.0,180,1080.00,51610
885,,peng,093309,08-01-2009,Servers,2.0,50,100.00,51615
886,,reiser,093303,08-01-2009,Primary Storage (TB),3.0,624,1872.00,51610
887,,riddiford,093302,08-01-2009,Primary Storage (TB),1.0,624,624.00,51610
888,JVS001201,visscien,093400,08-01-2009,Primary Storage (TB),1.0,624,624.00,51610
889,,rubin,093205,08-01-2009,Primary Storage (TB),4.0,624,2496.00,51610
890,,rubin,093205,08-01-2009,Secondary Storage (TB),7.0,180,1260.00,51610
891,,rubin,093205,08-01-2009,Servers,3.0,50,150.00,51615
892,,shank,093402,08-01-2009,Primary Storage (TB),3.5,624,2184.00,51610
893,,simpson,093210,08-01-2009,Secondary Storage (TB),9.0,180,1620.00,51610
894,,simpson,093210,08-01-2009,Servers,1.0,50,50.00,51615
895,JVS005100,visscien,093400,08-01-2009,Servers,1.0,50,50.00,51615
896,,sternson,093206,08-01-2009,Servers,1.0,50,50.00,51615
897,,svoboda,093204,08-01-2009,Primary Storage (TB),5.0,624,3120.00,51610
898,,svoboda,093204,08-01-2009,Secondary Storage (TB),24.0,180,4320.00,51610
899,,svoboda,093204,08-01-2009,Servers,1.0,50,50.00,51615
900,,tjian,093218,08-01-2009,Primary Storage (TB),1.0,624,624.00,51610
901,,tjian,093218,08-01-2009,Servers,1.0,50,50.00,51615
902,,truman,093212,08-01-2009,Primary Storage (TB),4.0,624,2496.00,51610
903,,truman,093212,08-01-2009,Servers,1.0,50,50.00,51615
904,JVS002401,visscien,093400,08-01-2009,Secondary Storage (TB),2.5,180,450.00,51610
